Player,MP,WS,Link,TotalMP,TotalWS,Year
Nick Anderson,1785,1.8,/players/a/anderni01.html,534760,1123.8,1989
Michael Ansley,1221,3.3,/players/a/anslemi01.html,534760,1123.8,1989
B.J. Armstrong,1291,1.7,/players/a/armstbj01.html,534760,1123.8,1989
Dana Barros,1630,1.8,/players/b/barroda01.html,534760,1123.8,1989
Kenny Battle,729,1.9,/players/b/battlke01.html,534760,1123.8,1989
Mookie Blaylock,1267,-0.3,/players/b/blaylmo01.html,534760,1123.8,1989
Chucky Brown,1339,2.2,/players/b/brownch01.html,534760,1123.8,1989
Stanley Brundy,128,0.2,/players/b/brundst01.html,534760,1123.8,1989
Vlade Divac,1611,5,/players/d/divacvl01.html,534760,1123.8,1989
Sherman Douglas,2470,4.4,/players/d/douglsh01.html,534760,1123.8,1989
Blue Edwards,1889,2.7,/players/e/edwarbl01.html,534760,1123.8,1989
Jay Edwards,26,0,/players/e/edwarja02.html,534760,1123.8,1989
Sean Elliott,2032,4.6,/players/e/elliose01.html,534760,1123.8,1989
Pervis Ellison,866,0.4,/players/e/ellispe01.html,534760,1123.8,1989
Greg Grant,678,-0.1,/players/g/grantgr01.html,534760,1123.8,1989
Scott Haffner,559,-0.1,/players/h/haffnsc01.html,534760,1123.8,1989
Tom Hammonds,805,0.5,/players/h/hammoto01.html,534760,1123.8,1989
Tim Hardaway,2663,3.3,/players/h/hardati01.html,534760,1123.8,1989
Ed Horton,374,0.4,/players/h/hortoed01.html,534760,1123.8,1989
Byron Irvin,488,1.2,/players/i/irvinby01.html,534760,1123.8,1989
Shawn Kemp,1120,2.1,/players/k/kempsh01.html,534760,1123.8,1989
Stacey King,1777,3.6,/players/k/kingst01.html,534760,1123.8,1989
Frank Kornet,438,0,/players/k/kornefr01.html,534760,1123.8,1989
Gary Leonard,127,0,/players/l/leonaga01.html,534760,1123.8,1989
Todd Lichti,1326,1.8,/players/l/lichtto01.html,534760,1123.8,1989
Roy Marble,162,-0.3,/players/m/marblro01.html,534760,1123.8,1989
Jeff Martin,1351,0.9,/players/m/martije01.html,534760,1123.8,1989
George McCloud,413,-0.7,/players/m/mccloge01.html,534760,1123.8,1989
Mike Morrison,153,-0.3,/players/m/morrimi01.html,534760,1123.8,1989
John Morton,402,-0.9,/players/m/mortojo01.html,534760,1123.8,1989
Dyron Nix,109,0,/players/n/nixdy01.html,534760,1123.8,1989
Kenny Payne,216,0,/players/p/payneke01.html,534760,1123.8,1989
Brian Quinnett,193,-0.1,/players/q/quinnbr01.html,534760,1123.8,1989
J.R. Reid,2757,1.1,/players/r/reidjr01.html,534760,1123.8,1989
Glen Rice,2311,1.4,/players/r/ricegl01.html,534760,1123.8,1989
Pooh Richardson,2581,4.4,/players/r/richapo01.html,534760,1123.8,1989
Clifford Robinson,1565,0.3,/players/r/robincl02.html,534760,1123.8,1989
Doug Roth,412,0.4,/players/r/rothdo01.html,534760,1123.8,1989
Jeff Sanders,182,-0.3,/players/s/sandeje01.html,534760,1123.8,1989
Michael Smith,620,0.7,/players/s/smithmi01.html,534760,1123.8,1989
Doug West,378,-0.1,/players/w/westdo01.html,534760,1123.8,1989
Randy White,707,-0.2,/players/w/whitera01.html,534760,1123.8,1989
Haywoode Workman,16,0.1,/players/w/workmha01.html,534760,1123.8,1989
Alaa Abdelnaby,290,0.5,/players/a/abdelal01.html,535260,1127,1990
Mahmoud Abdul-Rauf,1505,-1,/players/a/abdulma02.html,535260,1127,1990
Milos Babic,52,-0.1,/players/b/babicmi01.html,535260,1127,1990
Lance Blanks,214,0.1,/players/b/blankla01.html,535260,1127,1990
Anthony Bonner,750,0.7,/players/b/bonnean01.html,535260,1127,1990
Dee Brown,1945,3.5,/players/b/brownde01.html,535260,1127,1990
Jud Buechler,859,1.2,/players/b/buechju01.html,535260,1127,1990
Willie Burton,1928,2.1,/players/b/burtowi01.html,535260,1127,1990
Elden Campbell,380,1.1,/players/c/campbel01.html,535260,1127,1990
Duane Causwell,1719,2.8,/players/c/causwdu01.html,535260,1127,1990
Cedric Ceballos,730,1.3,/players/c/cebalce01.html,535260,1127,1990
Derrick Coleman,2602,5.8,/players/c/colemde01.html,535260,1127,1990
Bimbo Coles,1355,1.1,/players/c/colesbi01.html,535260,1127,1990
A.J. English,1443,0.2,/players/e/engliaj01.html,535260,1127,1990
Greg Foster,606,0.6,/players/f/fostegr01.html,535260,1127,1990
Tate George,594,0.4,/players/g/georgta01.html,535260,1127,1990
Kendall Gill,1944,1.8,/players/g/gillke01.html,535260,1127,1990
Gerald Glass,606,0.5,/players/g/glassge01.html,535260,1127,1990
Steve Henson,690,1.2,/players/h/hensost01.html,535260,1127,1990
Sean Higgins,464,0,/players/h/higgise01.html,535260,1127,1990
Tyrone Hill,1192,2.1,/players/h/hillty01.html,535260,1127,1990
Dave Jamerson,202,0.1,/players/j/jamerda01.html,535260,1127,1990
Les Jepsen,105,0,/players/j/jepsele01.html,535260,1127,1990
Alec Kessler,1259,-0.1,/players/k/kesslal01.html,535260,1127,1990
Bo Kimble,1004,0,/players/k/kimblbo01.html,535260,1127,1990
Negele Knight,792,0.6,/players/k/knighne01.html,535260,1127,1990
Marcus Liberty,1171,-0.1,/players/l/liberma01.html,535260,1127,1990
Tony Massenburg,161,0.4,/players/m/masseto01.html,535260,1127,1990
Travis Mays,2145,2.1,/players/m/maystr01.html,535260,1127,1990
Terry Mills,819,1.3,/players/m/millste01.html,535260,1127,1990
Jerrod Mustaf,825,0.4,/players/m/mustaje01.html,535260,1127,1990
Brian Oliver,800,0.2,/players/o/olivebr01.html,535260,1127,1990
Walter Palmer,85,-0.1,/players/p/palmewa01.html,535260,1127,1990
Gary Payton*,2244,3.4,/players/p/paytoga01.html,535260,1127,1990
Kevin Pritchard,773,-0.2,/players/p/pritcke01.html,535260,1127,1990
Rumeal Robinson,674,-0.1,/players/r/robinru01.html,535260,1127,1990
Steve Scheffler,227,0.6,/players/s/schefst01.html,535260,1127,1990
Dwayne Schintzius,398,0.2,/players/s/schindw01.html,535260,1127,1990
Dennis Scott,2336,2.6,/players/s/scottde01.html,535260,1127,1990
Lionel Simmons,2978,2.7,/players/s/simmoli01.html,535260,1127,1990
Tony Smith,695,0.5,/players/s/smithto02.html,535260,1127,1990
Felton Spencer,2099,5.6,/players/s/spencfe01.html,535260,1127,1990
Loy Vaught,1178,2.2,/players/v/vaughlo01.html,535260,1127,1990
Jayson Williams,508,0.1,/players/w/willija01.html,535260,1127,1990
Kenny Williams,527,0.7,/players/w/willike03.html,535260,1127,1990
Trevor Wilson,162,-0.5,/players/w/wilsotr01.html,535260,1127,1990
Victor Alexander,1350,2.5,/players/a/alexavi01.html,535310,1126.6,1991
Kenny Anderson,1086,0.5,/players/a/anderke01.html,535310,1126.6,1991
Greg Anthony,1510,2.2,/players/a/anthogr01.html,535310,1126.6,1991
Stacey Augmon,2505,3.7,/players/a/augmost01.html,535310,1126.6,1991
Isaac Austin,112,0.3,/players/a/austiis01.html,535310,1126.6,1991
Terrell Brandon,1605,0.9,/players/b/brandte01.html,535310,1126.6,1991
Kevin Brooks,270,0.1,/players/b/brookke01.html,535310,1126.6,1991
Myron Brown,23,0,/players/b/brownmy01.html,535310,1126.6,1991
Randy Brown,535,0.3,/players/b/brownra02.html,535310,1126.6,1991
Pete Chilcutt,817,0.7,/players/c/chilcpe01.html,535310,1126.6,1991
Chris Corchiani,741,0.9,/players/c/corchch01.html,535310,1126.6,1991
Dale Davis,1301,3.4,/players/d/davisda01.html,535310,1126.6,1991
Bison Dele,905,1.8,/players/d/delebi01.html,535310,1126.6,1991
LeRon Ellis,103,-0.2,/players/e/ellisle02.html,535310,1126.6,1991
Rick Fox,1535,2.3,/players/f/foxri01.html,535310,1126.6,1991
Chris Gatling,612,2,/players/g/gatlich01.html,535310,1126.6,1991
Sean Green,256,-0.5,/players/g/greense01.html,535310,1126.6,1991
Donald Hodge,1058,1.5,/players/h/hodgedo01.html,535310,1126.6,1991
Mike Iuzzolino,1280,2.2,/players/i/iuzzomi01.html,535310,1126.6,1991
Larry Johnson,3047,8.9,/players/j/johnsla02.html,535310,1126.6,1991
Rich King,213,0.2,/players/k/kingri01.html,535310,1126.6,1991
Luc Longley,991,0.2,/players/l/longllu01.html,535310,1126.6,1991
Kevin Lynch,819,0.2,/players/l/lynchke01.html,535310,1126.6,1991
Mark Macon,2304,-0.8,/players/m/maconma01.html,535310,1126.6,1991
Rodney Monroe,313,-0.2,/players/m/monroro01.html,535310,1126.6,1991
Eric Murdock,478,0.6,/players/m/murdoer01.html,535310,1126.6,1991
Dikembe Mutombo*,2716,4.8,/players/m/mutomdi01.html,535310,1126.6,1991
Jimmy Oliver,252,0.2,/players/o/oliveji01.html,535310,1126.6,1991
Billy Owens,2510,5.6,/players/o/owensbi01.html,535310,1126.6,1991
Elliot Perry,437,-0.4,/players/p/perryel01.html,535310,1126.6,1991
Bobby Phills,65,-0.1,/players/p/phillbo01.html,535310,1126.6,1991
Mark Randall,441,0.5,/players/r/randama01.html,535310,1126.6,1991
Stanley Roberts,1118,2.1,/players/r/roberst01.html,535310,1126.6,1991
Doug Smith,1707,0.8,/players/s/smithdo03.html,535310,1126.6,1991
LaBradford Smith,708,-0.1,/players/s/smithla02.html,535310,1126.6,1991
Steve Smith,1806,1.5,/players/s/smithst01.html,535310,1126.6,1991
Lamont Strothers,17,-0.1,/players/s/strotla01.html,535310,1126.6,1991
Greg Sutton,601,-0.1,/players/s/suttogr01.html,535310,1126.6,1991
John Turner,345,-0.1,/players/t/turnejo01.html,535310,1126.6,1991
Jon Barry,552,-0.1,/players/b/barryjo01.html,535160,1130.9,1992
Tony Bennett,857,0.7,/players/b/benneto01.html,535160,1130.9,1992
Doug Christie,332,0.1,/players/c/chrisdo01.html,535160,1130.9,1992
Duane Cooper,645,-0.4,/players/c/coopedu01.html,535160,1130.9,1992
Hubert Davis,815,1.2,/players/d/davishu01.html,535160,1130.9,1992
Todd Day,1931,2.6,/players/d/dayto01.html,535160,1130.9,1992
LaPhonso Ellis,2749,8,/players/e/ellisla01.html,535160,1130.9,1992
Matt Geiger,554,1.2,/players/g/geigema01.html,535160,1130.9,1992
Litterial Green,626,0.8,/players/g/greenli01.html,535160,1130.9,1992
Tom Gugliotta,2795,1.6,/players/g/guglito01.html,535160,1130.9,1992
Robert Horry,2330,3.6,/players/h/horryro01.html,535160,1130.9,1992
Byron Houston,1274,1.8,/players/h/houstby01.html,535160,1130.9,1992
Jim Jackson,938,-1.6,/players/j/jacksji01.html,535160,1130.9,1992
Dave Johnson,356,-0.1,/players/j/johnsda01.html,535160,1130.9,1992
Adam Keefe,1549,3.3,/players/k/keefead01.html,535160,1130.9,1992
Christian Laettner,2823,5,/players/l/laettch01.html,535160,1130.9,1992
Don MacLean,674,0.4,/players/m/macledo01.html,535160,1130.9,1992
Marlon Maxey,520,0.9,/players/m/maxeyma01.html,535160,1130.9,1992
Lee Mayberry,1503,1.8,/players/m/maybele01.html,535160,1130.9,1992
Oliver Miller,1069,1.6,/players/m/milleol01.html,535160,1130.9,1992
Harold Miner,1383,2,/players/m/minerha01.html,535160,1130.9,1992
Isaiah Morris,102,0,/players/m/morriis01.html,535160,1130.9,1992
Alonzo Mourning*,2644,8.2,/players/m/mournal01.html,535160,1130.9,1992
Tracy Murray,495,0.5,/players/m/murratr01.html,535160,1130.9,1992
Shaquille O'Neal*,3071,10.4,/players/o/onealsh01.html,535160,1130.9,1992
Anthony Peeler,1656,2.7,/players/p/peelean01.html,535160,1130.9,1992
Brent Price,859,-0.6,/players/p/pricebr01.html,535160,1130.9,1992
Sean Rooks,2087,1.5,/players/r/rooksse01.html,535160,1130.9,1992
Malik Sealy,672,0.2,/players/s/sealyma01.html,535160,1130.9,1992
Chris Smith,1266,1.1,/players/s/smithch03.html,535160,1130.9,1992
Reggie Smith,68,0,/players/s/smithre01.html,535160,1130.9,1992
Elmore Spencer,280,0.2,/players/s/spencel01.html,535160,1130.9,1992
Latrell Sprewell,2741,4,/players/s/sprewla01.html,535160,1130.9,1992
Bryant Stith,865,1.6,/players/s/stithbr01.html,535160,1130.9,1992
Clarence Weatherspoon,2654,3.3,/players/w/weathcl01.html,535160,1130.9,1992
Robert Werdann,149,-0.1,/players/w/werdaro01.html,535160,1130.9,1992
Corey Williams,242,0.2,/players/w/willico01.html,535160,1130.9,1992
Walt Williams,1673,1.6,/players/w/williwa02.html,535160,1130.9,1992
Randy Woods,174,0.1,/players/w/woodsra01.html,535160,1130.9,1992
Vin Baker,2560,4.4,/players/b/bakervi01.html,533810,1137.1,1993
Corie Blount,690,1.2,/players/b/blounco01.html,533810,1137.1,1993
Shawn Bradley,1385,-1.1,/players/b/bradlsh01.html,533810,1137.1,1993
Evers Burns,143,0.1,/players/b/burnsev01.html,533810,1137.1,1993
Scott Burrell,767,0.5,/players/b/burresc01.html,533810,1137.1,1993
Sam Cassell,1122,2.2,/players/c/cassesa01.html,533810,1137.1,1993
Calbert Cheaney,1604,1.2,/players/c/cheanca01.html,533810,1137.1,1993
Terry Dehere,759,-0.4,/players/d/deherte01.html,533810,1137.1,1993
Acie Earl,1149,0.2,/players/e/earlac01.html,533810,1137.1,1993
Doug Edwards,107,0,/players/e/edwardo01.html,533810,1137.1,1993
Alphonso Ford,16,0.1,/players/f/fordal01.html,533810,1137.1,1993
Greg Graham,889,0.1,/players/g/grahagr01.html,533810,1137.1,1993
Josh Grant,382,0.5,/players/g/grantjo01.html,533810,1137.1,1993
Geert Hammink,3,0,/players/h/hammige01.html,533810,1137.1,1993
Anfernee Hardaway,3015,7.1,/players/h/hardaan01.html,533810,1137.1,1993
Lucious Harris,1165,0.6,/players/h/harrilu01.html,533810,1137.1,1993
Scott Haskin,186,0.3,/players/h/haskisc01.html,533810,1137.1,1993
Allan Houston,1519,-1.2,/players/h/houstal01.html,533810,1137.1,1993
Lindsey Hunter,2172,-0.8,/players/h/hunteli01.html,533810,1137.1,1993
Bobby Hurley,499,-0.5,/players/h/hurlebo01.html,533810,1137.1,1993
Ervin Johnson,280,0.7,/players/j/johnser02.html,533810,1137.1,1993
Adonis Jordan,79,-0.1,/players/j/jordaad01.html,533810,1137.1,1993
George Lynch,1762,3.9,/players/l/lynchge01.html,533810,1137.1,1993
Malcolm Mackey,69,0.1,/players/m/mackema01.html,533810,1137.1,1993
Jamal Mashburn,2896,0.9,/players/m/mashbja01.html,533810,1137.1,1993
Darnell Mee,285,-0.1,/players/m/meeda01.html,533810,1137.1,1993
Chris Mills,2022,4,/players/m/millsch01.html,533810,1137.1,1993
Gheorghe Muresan,650,1.3,/players/m/muresgh01.html,533810,1137.1,1993
Mike Peplowski,667,0.9,/players/p/peplomi01.html,533810,1137.1,1993
Richard Petruska,92,0,/players/p/petruri01.html,533810,1137.1,1993
Isaiah Rider,2415,1.7,/players/r/rideris01.html,533810,1137.1,1993
Eric Riley,219,0.4,/players/r/rileyer01.html,533810,1137.1,1993
James Robinson,673,0.2,/players/r/robinja02.html,533810,1137.1,1993
Rodney Rogers,1406,2,/players/r/rogerro01.html,533810,1137.1,1993
Bryon Russell,1121,2.1,/players/r/russebr01.html,533810,1137.1,1993
Kevin Thompson,58,0,/players/t/thompke01.html,533810,1137.1,1993
Nick Van Exel,2700,3.4,/players/v/vanexni01.html,533810,1137.1,1993
Rex Walters,386,1.2,/players/w/waltere01.html,533810,1137.1,1993
Chris Webber,2438,7.8,/players/w/webbech01.html,533810,1137.1,1993
Chris Whitney,339,-0.3,/players/w/whitnch01.html,533810,1137.1,1993
Luther Wright,92,-0.1,/players/w/wrighlu01.html,533810,1137.1,1993
Derrick Alston,1032,1,/players/a/alstode01.html,535610,1131.9,1994
Bill Curley,595,0.5,/players/c/curlebi01.html,535610,1131.9,1994
Yinka Dare,3,0,/players/d/dareyi01.html,535610,1131.9,1994
Tony Dumas,613,0,/players/d/dumasto01.html,535610,1131.9,1994
Howard Eisley,552,-0.5,/players/e/eisleho01.html,535610,1131.9,1994
Brian Grant,2289,5.3,/players/g/grantbr01.html,535610,1131.9,1994
Darrin Hancock,424,0.4,/players/h/hancoda01.html,535610,1131.9,1994
Grant Hill,2678,5.4,/players/h/hillgr01.html,535610,1131.9,1994
Juwan Howard,2348,2.8,/players/h/howarju01.html,535610,1131.9,1994
Eddie Jones,1981,5,/players/j/jonesed02.html,535610,1131.9,1994
Jason Kidd,2668,3.7,/players/k/kiddja01.html,535610,1131.9,1994
Antonio Lang,53,-0.1,/players/l/langan02.html,535610,1131.9,1994
Donyell Marshall,2086,0.3,/players/m/marshdo01.html,535610,1131.9,1994
Jim McIlvaine,534,0.8,/players/m/mcilvji01.html,535610,1131.9,1994
Aaron McKie,827,2,/players/m/mckieaa01.html,535610,1131.9,1994
Anthony Miller,527,1.2,/players/m/millean01.html,535610,1131.9,1994
Greg Minor,945,2.1,/players/m/minorgr01.html,535610,1131.9,1994
Eric Mobley,587,1.3,/players/m/mobleer01.html,535610,1131.9,1994
Eric Montross,2315,4.1,/players/m/montrer01.html,535610,1131.9,1994
Dwayne Morton,395,0.2,/players/m/mortodw01.html,535610,1131.9,1994
Lamond Murray,2556,-0.3,/players/m/murrala01.html,535610,1131.9,1994
Wesley Person,1800,3.8,/players/p/persowe01.html,535610,1131.9,1994
Eric Piatkowski,1208,2,/players/p/piatker01.html,535610,1131.9,1994
Khalid Reeves,1462,3.5,/players/r/reevekh01.html,535610,1131.9,1994
Glenn Robinson,2958,3.2,/players/r/robingl01.html,535610,1131.9,1994
Carlos Rogers,1017,0.9,/players/r/rogerca01.html,535610,1131.9,1994
Jalen Rose,1798,3.8,/players/r/roseja01.html,535610,1131.9,1994
Clifford Rozier,1494,1.3,/players/r/roziecl01.html,535610,1131.9,1994
Dickey Simpkins,586,0.7,/players/s/simpkdi01.html,535610,1131.9,1994
Michael Smith,1736,3.7,/players/s/smithmi02.html,535610,1131.9,1994
Brooks Thompson,246,0.1,/players/t/thompbr01.html,535610,1131.9,1994
B.J. Tyler,809,-0.7,/players/t/tylerbj01.html,535610,1131.9,1994
Charlie Ward,44,-0.2,/players/w/wardch01.html,535610,1131.9,1994
Jamie Watson,673,0.8,/players/w/watsoja01.html,535610,1131.9,1994
Monty Williams,503,0.3,/players/w/willimo01.html,535610,1131.9,1994
Dontonio Wingfield,81,0,/players/w/wingfdo01.html,535610,1131.9,1994
Sharone Wright,2044,1.7,/players/w/wrighsh01.html,535610,1131.9,1994
Cory Alexander,560,0.2,/players/a/alexaco01.html,574570,1224.7,1995
Jerome Allen,362,-0.3,/players/a/allenje01.html,574570,1224.7,1995
Brent Barry,1898,4.9,/players/b/barrybr01.html,574570,1224.7,1995
Mario Bennett,230,0.5,/players/b/bennema01.html,574570,1224.7,1995
Travis Best,571,0.7,/players/b/besttr01.html,574570,1224.7,1995
Donnie Boyce,41,0,/players/b/boycedo01.html,574570,1224.7,1995
Junior Burrough,495,-0.2,/players/b/burroju01.html,574570,1224.7,1995
Jason Caffey,545,0.4,/players/c/caffeja01.html,574570,1224.7,1995
Chris Carr,590,0.3,/players/c/carrch01.html,574570,1224.7,1995
Randolph Childress,250,0,/players/c/childra01.html,574570,1224.7,1995
Mark Davis,571,-0.1,/players/d/davisma02.html,574570,1224.7,1995
Andrew DeClercq,203,0.4,/players/d/declean01.html,574570,1224.7,1995
Tyus Edney,2481,3.3,/players/e/edneyty01.html,574570,1224.7,1995
Michael Finley,3212,6.3,/players/f/finlemi01.html,574570,1224.7,1995
Sherell Ford,139,0.4,/players/f/fordsh01.html,574570,1224.7,1995
Kevin Garnett,2293,4.4,/players/g/garneke01.html,574570,1224.7,1995
Alan Henderson,1416,2,/players/h/hendeal01.html,574570,1224.7,1995
Fred Hoiberg,85,0.2,/players/h/hoibefr01.html,574570,1224.7,1995
Frankie King,20,-0.1,/players/k/kingfr01.html,574570,1224.7,1995
Jimmy King,868,0,/players/k/kingji02.html,574570,1224.7,1995
Martin Lewis,189,0,/players/l/lewisma01.html,574570,1224.7,1995
Donny Marshall,208,0.2,/players/m/marshdo02.html,574570,1224.7,1995
Cuonzo Martin,19,0.1,/players/m/marticu01.html,574570,1224.7,1995
Antonio McDyess,2280,3.6,/players/m/mcdyean01.html,574570,1224.7,1995
Loren Meyer,1266,1.1,/players/m/meyerlo01.html,574570,1224.7,1995
Lawrence Moten,573,0.6,/players/m/motenla01.html,574570,1224.7,1995
Ed O'Bannon,1253,0.7,/players/o/obanned01.html,574570,1224.7,1995
Greg Ostertag,661,1.4,/players/o/ostergr01.html,574570,1224.7,1995
Cherokee Parks,869,0.9,/players/p/parksch02.html,574570,1224.7,1995
Theo Ratliff,1305,3.8,/players/r/ratlith01.html,574570,1224.7,1995
Bryant Reeves,2460,2.3,/players/r/reevebr01.html,574570,1224.7,1995
Don Reid,997,2.9,/players/r/reiddo01.html,574570,1224.7,1995
Terrence Rencher,405,-0.2,/players/r/renchte01.html,574570,1224.7,1995
Shawn Respert,845,0.5,/players/r/respesh01.html,574570,1224.7,1995
Lou Roe,372,0.4,/players/r/roelo01.html,574570,1224.7,1995
Joe Smith,2821,6.8,/players/s/smithjo02.html,574570,1224.7,1995
Eric Snow,389,0.5,/players/s/snower01.html,574570,1224.7,1995
Jerry Stackhouse,2701,1.2,/players/s/stackje01.html,574570,1224.7,1995
Damon Stoudamire,2865,4.3,/players/s/stoudda01.html,574570,1224.7,1995
Bob Sura,1150,1.6,/players/s/surabo01.html,574570,1224.7,1995
Kurt Thomas,1655,3.8,/players/t/thomaku01.html,574570,1224.7,1995
Gary Trent,1219,1.7,/players/t/trentga01.html,574570,1224.7,1995
David Vaughn,266,-0.1,/players/v/vaughda02.html,574570,1224.7,1995
Rasheed Wallace,1788,2.3,/players/w/wallara01.html,574570,1224.7,1995
Dwayne Whitfield,122,0,/players/w/whitfdw01.html,574570,1224.7,1995
Eric Williams,1470,1.6,/players/w/willier01.html,574570,1224.7,1995
Corliss Williamson,609,-0.8,/players/w/willico02.html,574570,1224.7,1995
George Zidek,888,0.6,/players/z/zidekge01.html,574570,1224.7,1995
Shareef Abdur-Rahim,2802,2.9,/players/a/abdursh01.html,575170,1230.1,1996
Ray Allen,2532,4.9,/players/a/allenra02.html,575170,1230.1,1996
Shandon Anderson,1066,1.2,/players/a/andersh01.html,575170,1230.1,1996
Marcus Brown,184,0.4,/players/b/brownma01.html,575170,1230.1,1996
Kobe Bryant,1103,1.8,/players/b/bryanko01.html,575170,1230.1,1996
Marcus Camby,1897,3.7,/players/c/cambyma01.html,575170,1230.1,1996
Erick Dampier,1052,0.9,/players/d/dampier01.html,575170,1230.1,1996
Ben Davis,98,0.1,/players/d/davisbe01.html,575170,1230.1,1996
Tony Delk,867,1.6,/players/d/delkto01.html,575170,1230.1,1996
Brian Evans,59,0.1,/players/e/evansbr01.html,575170,1230.1,1996
Jamie Feick,624,0.2,/players/f/feickja01.html,575170,1230.1,1996
Derek Fisher,921,1.1,/players/f/fishede01.html,575170,1230.1,1996
Todd Fuller,949,0.7,/players/f/fulleto02.html,575170,1230.1,1996
Reggie Geary,246,0.3,/players/g/gearyre01.html,575170,1230.1,1996
Steve Hamer,268,0.2,/players/h/hamerst01.html,575170,1230.1,1996
Othella Harrington,860,1.4,/players/h/harriot01.html,575170,1230.1,1996
Mark Hendrickson,301,0.3,/players/h/hendrma01.html,575170,1230.1,1996
Allen Iverson*,3045,4.1,/players/i/iversal01.html,575170,1230.1,1996
Kerry Kittles,3012,6.9,/players/k/kittlke01.html,575170,1230.1,1996
Travis Knight,1156,3.3,/players/k/knightr01.html,575170,1230.1,1996
Priest Lauderdale,180,-0.2,/players/l/laudepr01.html,575170,1230.1,1996
Randy Livingston,981,0.3,/players/l/livinra01.html,575170,1230.1,1996
Stephon Marbury,2324,3.7,/players/m/marbust01.html,575170,1230.1,1996
Walter McCarty,192,0,/players/m/mccarwa01.html,575170,1230.1,1996
Amal McCaskill,109,-0.2,/players/m/mccasam01.html,575170,1230.1,1996
Jeff McInnis,117,0.1,/players/m/mcinnje01.html,575170,1230.1,1996
Martin Muursepp,348,0.6,/players/m/muursma01.html,575170,1230.1,1996
Steve Nash,684,0.7,/players/n/nashst01.html,575170,1230.1,1996
Moochie Norris,89,-0.1,/players/n/norrimo01.html,575170,1230.1,1996
Jermaine O'Neal,458,0.8,/players/o/onealje01.html,575170,1230.1,1996
Vitaly Potapenko,1238,0.5,/players/p/potapvi01.html,575170,1230.1,1996
Chris Robinson,681,0.2,/players/r/robinch01.html,575170,1230.1,1996
Roy Rogers,1848,1.4,/players/r/rogerro02.html,575170,1230.1,1996
Malik Rose,525,1.1,/players/r/rosema01.html,575170,1230.1,1996
Jason Sasser,69,0,/players/s/sasseja01.html,575170,1230.1,1996
Antoine Walker,2970,1.7,/players/w/walkean02.html,575170,1230.1,1996
Samaki Walker,602,0.5,/players/w/walkesa01.html,575170,1230.1,1996
John Wallace,787,1.6,/players/w/wallajo01.html,575170,1230.1,1996
Jerome Williams,177,0.2,/players/w/willije01.html,575170,1230.1,1996
Lorenzen Wright,1936,3.2,/players/w/wrighlo02.html,575170,1230.1,1996
Tariq Abdul-Wahad,959,-0.2,/players/a/abdulta01.html,575120,1226.6,1997
Derek Anderson,1839,5.3,/players/a/anderde01.html,575120,1226.6,1997
Chris Anstey,680,0.6,/players/a/anstech01.html,575120,1226.6,1997
Tony Battie,1506,0.5,/players/b/battito01.html,575120,1226.6,1997
Chauncey Billups,2216,3,/players/b/billuch01.html,575120,1226.6,1997
Keith Booth,17,0,/players/b/boothke01.html,575120,1226.6,1997
Kelvin Cato,1007,2.7,/players/c/catoke01.html,575120,1226.6,1997
James Collins,103,0,/players/c/collija01.html,575120,1226.6,1997
James Cotton,33,-0.1,/players/c/cottoja02.html,575120,1226.6,1997
Chris Crawford,256,0.9,/players/c/crawfch01.html,575120,1226.6,1997
Austin Croshere,243,0,/players/c/croshau01.html,575120,1226.6,1997
Antonio Daniels,1956,-1.3,/players/d/daniean01.html,575120,1226.6,1997
Tim Duncan,3204,12.8,/players/d/duncati01.html,575120,1226.6,1997
Danny Fortson,1811,1.9,/players/f/fortsda01.html,575120,1226.6,1997
Adonal Foyle,656,-0.1,/players/f/foylead01.html,575120,1226.6,1997
Ed Gray,472,0.8,/players/g/grayed01.html,575120,1226.6,1997
Cedric Henderson,2527,3.8,/players/h/hendece02.html,575120,1226.6,1997
Jerald Honeycutt,530,0.3,/players/h/honeyje01.html,575120,1226.6,1997
Bobby Jackson,2042,-0.6,/players/j/jacksbo01.html,575120,1226.6,1997
Anthony Johnson,2266,0.4,/players/j/johnsan02.html,575120,1226.6,1997
Brevin Knight,2483,8.4,/players/k/knighbr01.html,575120,1226.6,1997
Jason Lawson,80,0.5,/players/l/lawsoja01.html,575120,1226.6,1997
Tracy McGrady,1179,2,/players/m/mcgratr01.html,575120,1226.6,1997
Ron Mercer,2662,4,/players/m/mercero01.html,575120,1226.6,1997
Marko Milic,163,0.3,/players/m/milicma01.html,575120,1226.6,1997
Charles O'Bannon,234,0.2,/players/o/obannch01.html,575120,1226.6,1997
Anthony Parker,196,0.4,/players/p/parkean01.html,575120,1226.6,1997
Scot Pollard,317,0.9,/players/p/pollasc01.html,575120,1226.6,1997
Rodrick Rhodes,1070,-0.9,/players/r/rhodero01.html,575120,1226.6,1997
God Shammgod,146,-0.1,/players/s/shammgo01.html,575120,1226.6,1997
Charles Smith,292,-0.3,/players/s/smithch04.html,575120,1226.6,1997
Kebu Stewart,110,0.2,/players/s/stewake01.html,575120,1226.6,1997
Johnny Taylor,108,-0.1,/players/t/taylojo01.html,575120,1226.6,1997
Maurice Taylor,1513,1.8,/players/t/tayloma01.html,575120,1226.6,1997
John Thomas,535,0.4,/players/t/thomajo02.html,575120,1226.6,1997
Tim Thomas,1779,3.4,/players/t/thomati01.html,575120,1226.6,1997
Keith Van Horn,2325,4.8,/players/v/vanhoke01.html,575120,1226.6,1997
Jacque Vaughn,419,-0.4,/players/v/vaughja01.html,575120,1226.6,1997
Eric Washington,1539,-0.3,/players/w/washier01.html,575120,1226.6,1997
Bubba Wells,395,0.1,/players/w/wellsbu01.html,575120,1226.6,1997
DeJuan Wheat,150,0.2,/players/w/wheatde01.html,575120,1226.6,1997
Alvin Williams,1071,1.3,/players/w/willial02.html,575120,1226.6,1997
Toby Bailey,249,0.2,/players/b/baileto01.html,350650,749.3,1998
Corey Benjamin,320,-0.2,/players/b/benjaco01.html,350650,749.3,1998
Mike Bibby,1758,1.3,/players/b/bibbymi01.html,350650,749.3,1998
Cory Carr,624,-1.2,/players/c/carrco01.html,350650,749.3,1998
Vince Carter,1760,5,/players/c/cartevi01.html,350650,749.3,1998
Keon Clark,409,0.2,/players/c/clarkke01.html,350650,749.3,1998
Ricky Davis,557,0.2,/players/d/davisri01.html,350650,749.3,1998
Michael Dickerson,1558,2.2,/players/d/dickemi01.html,350650,749.3,1998
Michael Doleac,780,2.2,/players/d/doleami01.html,350650,749.3,1998
Bryce Drew,441,-0.1,/players/d/drewbr01.html,350650,749.3,1998
Pat Garrity,538,1.1,/players/g/garripa01.html,350650,749.3,1998
Matt Harpring,1114,2.6,/players/h/harprma01.html,350650,749.3,1998
Al Harrington,160,-0.2,/players/h/harrial01.html,350650,749.3,1998
J.R. Henderson,331,-0.2,/players/h/hendejr01.html,350650,749.3,1998
Larry Hughes,988,2.4,/players/h/hughela01.html,350650,749.3,1998
Sam Jacobson,12,0,/players/j/jacobsa01.html,350650,749.3,1998
Jerome James,42,-0.1,/players/j/jamesje01.html,350650,749.3,1998
Antawn Jamison,1058,2.3,/players/j/jamisan01.html,350650,749.3,1998
Raef LaFrentz,387,1.2,/players/l/lafrera01.html,350650,749.3,1998
Rashard Lewis,145,-0.4,/players/l/lewisra02.html,350650,749.3,1998
Felipe Lopez,1218,0.5,/players/l/lopezfe01.html,350650,749.3,1998
Tyronn Lue,188,0.2,/players/l/luety01.html,350650,749.3,1998
Sean Marks,28,0,/players/m/marksse01.html,350650,749.3,1998
Jelani McCoy,331,1.4,/players/m/mccoyje01.html,350650,749.3,1998
Roshown McLeod,348,0.3,/players/m/mcleoro01.html,350650,749.3,1998
Cuttino Mobley,1456,2.3,/players/m/moblecu01.html,350650,749.3,1998
Nazr Mohammed,121,0,/players/m/mohamna01.html,350650,749.3,1998
Rasho Nesterovic,30,0,/players/n/nestera01.html,350650,749.3,1998
Dirk Nowitzki,958,0.8,/players/n/nowitdi01.html,350650,749.3,1998
Michael Olowokandi,1279,-0.3,/players/o/olowomi01.html,350650,749.3,1998
Andrae Patterson,284,0.7,/players/p/pattean01.html,350650,749.3,1998
Ruben Patterson,144,0.2,/players/p/patteru01.html,350650,749.3,1998
Paul Pierce,1632,4.9,/players/p/piercpa01.html,350650,749.3,1998
Casey Shaw,14,-0.1,/players/s/shawca01.html,350650,749.3,1998
Miles Simon,19,-0.1,/players/s/simonmi01.html,350650,749.3,1998
Brian Skinner,258,0.1,/players/s/skinnbr01.html,350650,749.3,1998
Ryan Stack,199,0.4,/players/s/stackry01.html,350650,749.3,1998
Vladimir Stepania,313,-0.1,/players/s/stepavl01.html,350650,749.3,1998
Bruno Sundov,11,-0.1,/players/s/sundobr01.html,350650,749.3,1998
Robert Traylor,786,2.5,/players/t/traylro01.html,350650,749.3,1998
Bonzi Wells,35,0.1,/players/w/wellsbo01.html,350650,749.3,1998
Tyson Wheeler,3,0.1,/players/w/wheelty01.html,350650,749.3,1998
Jahidi White,191,0.2,/players/w/whiteja01.html,350650,749.3,1998
Jason Williams,1805,2.1,/players/w/willija02.html,350650,749.3,1998
Shammond Williams,4,0,/players/w/willish01.html,350650,749.3,1998
Korleone Young,15,0.1,/players/y/youngko01.html,350650,749.3,1998
William Avery,484,-0.5,/players/a/averywi01.html,574270,1220.5,1999
Jonathan Bender,130,-0.2,/players/b/bendejo01.html,574270,1220.5,1999
Calvin Booth,143,0.1,/players/b/boothca01.html,574270,1220.5,1999
Cal Bowdler,423,0.2,/players/b/bowdlca01.html,574270,1220.5,1999
A.J. Bramlett,61,-0.2,/players/b/bramlaj01.html,574270,1220.5,1999
Elton Brand,2999,7.5,/players/b/brandel01.html,574270,1220.5,1999
Rodney Buford,386,0.6,/players/b/buforro01.html,574270,1220.5,1999
John Celestand,185,-0.1,/players/c/celesjo01.html,574270,1220.5,1999
Vonteego Cummings,1793,1.3,/players/c/cummivo01.html,574270,1220.5,1999
Baron Davis,1523,2.1,/players/d/davisba01.html,574270,1220.5,1999
Obinna Ekezie,351,0.5,/players/e/ekeziob01.html,574270,1220.5,1999
Evan Eschmeyer,373,0.7,/players/e/eschmev01.html,574270,1220.5,1999
Jeff Foster,86,0.6,/players/f/fosteje01.html,574270,1220.5,1999
Steve Francis,2776,6.4,/players/f/francst01.html,574270,1220.5,1999
Devean George,345,0.7,/players/g/georgde01.html,574270,1220.5,1999
Dion Glover,446,0.3,/players/g/glovedi01.html,574270,1220.5,1999
Richard Hamilton,1373,0.7,/players/h/hamilri01.html,574270,1220.5,1999
Chris Herren,597,0.5,/players/h/herrech01.html,574270,1220.5,1999
Tim James,23,-0.1,/players/j/jamesti01.html,574270,1220.5,1999
Jumaine Jones,138,0,/players/j/jonesju01.html,574270,1220.5,1999
Lari Ketner,132,0,/players/k/ketnela01.html,574270,1220.5,1999
Trajan Langdon,145,0.3,/players/l/langdtr01.html,574270,1220.5,1999
Quincy Lewis,896,0.3,/players/l/lewisqu01.html,574270,1220.5,1999
Todd MacCulloch,528,1.7,/players/m/maccuto01.html,574270,1220.5,1999
Corey Maggette,1370,2.6,/players/m/maggeco01.html,574270,1220.5,1999
Shawn Marion,1260,4.1,/players/m/mariosh01.html,574270,1220.5,1999
Andre Miller,2093,5.3,/players/m/millean02.html,574270,1220.5,1999
Lamar Odom,2767,3.2,/players/o/odomla01.html,574270,1220.5,1999
Scott Padgett,432,0.1,/players/p/padgesc01.html,574270,1220.5,1999
James Posey,2052,4.3,/players/p/poseyja01.html,574270,1220.5,1999
Laron Profit,225,-0.3,/players/p/profila01.html,574270,1220.5,1999
Aleksandar Radojevic,24,-0.1,/players/r/radojal01.html,574270,1220.5,1999
Ryan Robertson,25,0,/players/r/roberry01.html,574270,1220.5,1999
Michael Ruffin,975,0.6,/players/r/ruffimi01.html,574270,1220.5,1999
Wally Szczerbiak,2171,6.2,/players/s/szczewa02.html,574270,1220.5,1999
Jason Terry,1888,1.9,/players/t/terryja01.html,574270,1220.5,1999
Kenny Thomas,1797,2.2,/players/t/thomake01.html,574270,1220.5,1999
Metta World Peace,2238,2.3,/players/a/artesro01.html,574270,1220.5,1999
Tim Young,137,0.2,/players/y/youngti01.html,574270,1220.5,1999
Courtney Alexander,1382,0.8,/players/a/alexaco02.html,575520,1226.7,2000
Dalibor Bagaric,259,-0.7,/players/b/bagarda01.html,575520,1226.7,2000
Erick Barkley,38,-0.1,/players/b/barkler01.html,575520,1226.7,2000
Brian Cardinal,126,0,/players/c/cardibr01.html,575520,1226.7,2000
Mateen Cleaves,1268,-0.1,/players/c/cleavma01.html,575520,1226.7,2000
Jason Collier,222,0,/players/c/collija02.html,575520,1226.7,2000
Jamal Crawford,1050,-0.9,/players/c/crawfja01.html,575520,1226.7,2000
Keyon Dooling,1237,1.4,/players/d/doolike01.html,575520,1226.7,2000
Khalid El-Amin,936,0.6,/players/e/elamikh01.html,575520,1226.7,2000
Marcus Fizer,1580,-0.7,/players/f/fizerma01.html,575520,1226.7,2000
A.J. Guyton,630,0.3,/players/g/guytoaj01.html,575520,1226.7,2000
Jason Hart,10,0,/players/h/hartja01.html,575520,1226.7,2000
Donnell Harvey,65,0.1,/players/h/harvedo01.html,575520,1226.7,2000
Eddie House,550,0.4,/players/h/houseed01.html,575520,1226.7,2000
DerMarr Johnson,1313,0,/players/j/johnsde03.html,575520,1226.7,2000
Dan Langhi,241,-0.1,/players/l/langhda01.html,575520,1226.7,2000
Mark Madsen,641,1.1,/players/m/madsema01.html,575520,1226.7,2000
Jamaal Magloire,1095,2.6,/players/m/magloja01.html,575520,1226.7,2000
Kenyon Martin,2272,2.1,/players/m/martike01.html,575520,1226.7,2000
Desmond Mason,1522,1.7,/players/m/masonde01.html,575520,1226.7,2000
Dan McClintock,58,0,/players/m/mcclida01.html,575520,1226.7,2000
Chris Mihm,1166,1.3,/players/m/mihmch01.html,575520,1226.7,2000
Darius Miles,2133,3,/players/m/milesda01.html,575520,1226.7,2000
Mike Miller,2390,5.3,/players/m/millemi01.html,575520,1226.7,2000
Jerome Moiso,135,-0.3,/players/m/moisoje01.html,575520,1226.7,2000
Hanno Mottola,989,0.4,/players/m/mottoha01.html,575520,1226.7,2000
Mamadou N'Diaye,10,0,/players/n/ndiayma02.html,575520,1226.7,2000
Eduardo Najera,431,1.1,/players/n/najered01.html,575520,1226.7,2000
Olumide Oyedeji,221,0.4,/players/o/oyedeol01.html,575520,1226.7,2000
Morris Peterson,1809,3.6,/players/p/petermo01.html,575520,1226.7,2000
Chris Porter,1147,0.2,/players/p/portech01.html,575520,1226.7,2000
Lavor Postell,169,-0.1,/players/p/postela01.html,575520,1226.7,2000
Joel Przybilla,270,0.1,/players/p/przybjo01.html,575520,1226.7,2000
Michael Redd,35,-0.1,/players/r/reddmi01.html,575520,1226.7,2000
Quentin Richardson,1358,3,/players/r/richaqu01.html,575520,1226.7,2000
Soumaila Samake,226,0.1,/players/s/samakso01.html,575520,1226.7,2000
Jabari Smith,66,0.2,/players/s/smithja01.html,575520,1226.7,2000
Mike Smith,180,-0.1,/players/s/smithmi03.html,575520,1226.7,2000
DeShawn Stevenson,293,-0.4,/players/s/stevede01.html,575520,1226.7,2000
Stromile Swift,1312,1.9,/players/s/swiftst01.html,575520,1226.7,2000
Jake Tsakalidis,947,1.3,/players/t/tsakaja01.html,575520,1226.7,2000
Hedo Turkoglu,1245,2.8,/players/t/turkohe01.html,575520,1226.7,2000
Jake Voskuhl,143,0,/players/v/voskuja01.html,575520,1226.7,2000
Gilbert Arenas,1155,2.7,/players/a/arenagi01.html,574670,1219.9,2001
Brandon Armstrong,196,-0.2,/players/a/armstbr01.html,574670,1219.9,2001
Shane Battier,3097,4.8,/players/b/battish01.html,574670,1219.9,2001
Ruben Boumtje-Boumtje,245,0.2,/players/b/boumtru01.html,574670,1219.9,2001
Michael Bradley,118,0.1,/players/b/bradlmi01.html,574670,1219.9,2001
Jamison Brewer,43,0,/players/b/breweja01.html,574670,1219.9,2001
Damone Brown,67,-0.1,/players/b/brownda02.html,574670,1219.9,2001
Kedrick Brown,245,0.4,/players/b/brownke01.html,574670,1219.9,2001
Kwame Brown,817,0.8,/players/b/brownkw01.html,574670,1219.9,2001
Tyson Chandler,1389,1.8,/players/c/chandty01.html,574670,1219.9,2001
Jarron Collins,1440,3.3,/players/c/collija03.html,574670,1219.9,2001
Jason Collins,1407,3,/players/c/collija04.html,574670,1219.9,2001
Eddy Curry,1150,1.8,/players/c/curryed01.html,574670,1219.9,2001
Samuel Dalembert,177,0.3,/players/d/dalemsa01.html,574670,1219.9,2001
DeSagana Diop,109,-0.3,/players/d/diopde01.html,574670,1219.9,2001
Alton Ford,452,0.8,/players/f/fordal02.html,574670,1219.9,2001
Joseph Forte,39,-0.1,/players/f/fortejo01.html,574670,1219.9,2001
Antonis Fotsis,320,0.1,/players/f/fotsian01.html,574670,1219.9,2001
Pau Gasol,3007,7.6,/players/g/gasolpa01.html,574670,1219.9,2001
Eddie Griffin,1896,2.4,/players/g/griffed01.html,574670,1219.9,2001
Trenton Hassell,2237,1.5,/players/h/hassetr01.html,574670,1219.9,2001
Kirk Haston,77,-0.2,/players/h/hastoki01.html,574670,1219.9,2001
Brendan Haywood,1266,3.1,/players/h/haywobr01.html,574670,1219.9,2001
Steven Hunter,516,1,/players/h/huntest01.html,574670,1219.9,2001
Richard Jefferson,1917,4.7,/players/j/jefferi01.html,574670,1219.9,2001
Joe Johnson,1916,3,/players/j/johnsjo02.html,574670,1219.9,2001
Alvin Jones,126,0.1,/players/j/jonesal01.html,574670,1219.9,2001
Terence Morris,1110,0.2,/players/m/morrite01.html,574670,1219.9,2001
Troy Murphy,1448,1.4,/players/m/murphtr01.html,574670,1219.9,2001
Tony Parker,2267,3.8,/players/p/parketo01.html,574670,1219.9,2001
Vladimir Radmanovic,1230,2.1,/players/r/radmavl01.html,574670,1219.9,2001
Zach Randolph,238,0.5,/players/r/randoza01.html,574670,1219.9,2001
Jason Richardson,2629,2.9,/players/r/richaja01.html,574670,1219.9,2001
Jeryl Sasser,36,-0.1,/players/s/sasseje01.html,574670,1219.9,2001
Kenny Satterfield,560,-0.2,/players/s/satteke01.html,574670,1219.9,2001
Brian Scalabrine,290,-0.1,/players/s/scalabr01.html,574670,1219.9,2001
Bobby Simmons,343,0.7,/players/s/simmobo01.html,574670,1219.9,2001
Will Solomon,872,-0.5,/players/s/solomwi01.html,574670,1219.9,2001
Jamaal Tinsley,2442,1.7,/players/t/tinslja01.html,574670,1219.9,2001
Jeff Trepagnier,77,-0.2,/players/t/trepaje01.html,574670,1219.9,2001
Gerald Wallace,430,0.6,/players/w/wallage01.html,574670,1219.9,2001
Earl Watson,964,1.5,/players/w/watsoea01.html,574670,1219.9,2001
Rodney White,129,-0.2,/players/w/whitero02.html,574670,1219.9,2001
Loren Woods,516,0.5,/players/w/woodslo01.html,574670,1219.9,2001
Robert Archibald,72,-0.2,/players/a/archiro01.html,575420,1222.1,2002
Lonny Baxter,682,0.9,/players/b/baxtelo01.html,575420,1222.1,2002
Carlos Boozer,2049,5.9,/players/b/boozeca01.html,575420,1222.1,2002
Caron Butler,2858,5.1,/players/b/butleca01.html,575420,1222.1,2002
Rasual Butler,1514,0.1,/players/b/butlera01.html,575420,1222.1,2002
Dan Dickau,515,0,/players/d/dickada01.html,575420,1222.1,2002
Juan Dixon,647,0.1,/players/d/dixonju01.html,575420,1222.1,2002
Mike Dunleavy,1305,1.5,/players/d/dunlemi02.html,575420,1222.1,2002
Melvin Ely,802,0.8,/players/e/elyme01.html,575420,1222.1,2002
Dan Gadzuric,760,1.2,/players/g/gadzuda01.html,575420,1222.1,2002
Drew Gooden,1873,1.7,/players/g/goodedr01.html,575420,1222.1,2002
Marcus Haislip,441,0,/players/h/haislma01.html,575420,1222.1,2002
Nene Hilario,2258,5,/players/h/hilarne01.html,575420,1222.1,2002
Ryan Humphrey,444,-0.5,/players/h/humphry01.html,575420,1222.1,2002
Casey Jacobsen,1147,1.2,/players/j/jacobca01.html,575420,1222.1,2002
Chris Jefferies,666,-0.5,/players/j/jeffech01.html,575420,1222.1,2002
Jared Jeffries,292,0.3,/players/j/jeffrja01.html,575420,1222.1,2002
Fred Jones,115,0,/players/j/jonesfr01.html,575420,1222.1,2002
Tito Maddox,35,0,/players/m/maddoti01.html,575420,1222.1,2002
Roger Mason,113,0.1,/players/m/masonro01.html,575420,1222.1,2002
Yao Ming*,2382,8.7,/players/m/mingya01.html,575420,1222.1,2002
Ronald Murray,62,-0.3,/players/m/murraro01.html,575420,1222.1,2002
Bostjan Nachbar,77,-0.1,/players/n/nachbbo01.html,575420,1222.1,2002
Chris Owens,6,0,/players/o/owensch01.html,575420,1222.1,2002
Tayshaun Prince,435,0.8,/players/p/princta01.html,575420,1222.1,2002
Kareem Rush,872,-0.6,/players/r/rushka01.html,575420,1222.1,2002
John Salmons,504,0.6,/players/s/salmojo01.html,575420,1222.1,2002
Jamal Sampson,8,0,/players/s/sampsja01.html,575420,1222.1,2002
Tamar Slay,274,0,/players/s/slayta01.html,575420,1222.1,2002
Amar'e Stoudemire,2570,6.2,/players/s/stoudam01.html,575420,1222.1,2002
Nikoloz Tskitishvili,1320,-1,/players/t/tskitni01.html,575420,1222.1,2002
Dajuan Wagner,1385,0.3,/players/w/wagneda02.html,575420,1222.1,2002
Jiri Welsch,234,-0.4,/players/w/welscji01.html,575420,1222.1,2002
Chris Wilcox,479,0.6,/players/w/wilcoch01.html,575420,1222.1,2002
Frank Williams,167,-0.1,/players/w/willifr02.html,575420,1222.1,2002
Jay Williams,1961,0.8,/players/w/willija03.html,575420,1222.1,2002
Qyntel Woods,334,0.2,/players/w/woodsqy01.html,575420,1222.1,2002
Vincent Yarbrough,1381,1,/players/y/yarbrvi01.html,575420,1222.1,2002
Carmelo Anthony,2995,6.1,/players/a/anthoca01.html,574770,1229.3,2003
Marcus Banks,1385,0.7,/players/b/banksma01.html,574770,1229.3,2003
Leandro Barbosa,1500,1.9,/players/b/barbole01.html,574770,1229.3,2003
Jerome Beasley,5,0,/players/b/beaslje01.html,574770,1229.3,2003
Troy Bell,34,-0.2,/players/b/belltr01.html,574770,1229.3,2003
Steve Blake,1392,0.7,/players/b/blakest01.html,574770,1229.3,2003
Keith Bogans,1787,1.3,/players/b/boganke01.html,574770,1229.3,2003
Chris Bosh,2510,6.2,/players/b/boshch01.html,574770,1229.3,2003
Zarko Cabarkapa,570,-0.4,/players/c/cabarza01.html,574770,1229.3,2003
Brian Cook,442,1.1,/players/c/cookbr01.html,574770,1229.3,2003
Boris Diaw,1919,0.8,/players/d/diawbo01.html,574770,1229.3,2003
Ndudi Ebi,32,0,/players/e/ebind01.html,574770,1229.3,2003
T.J. Ford,1472,0.7,/players/f/fordtj01.html,574770,1229.3,2003
Reece Gaines,364,-0.5,/players/g/gainere01.html,574770,1229.3,2003
Willie Green,767,0,/players/g/greenwi01.html,574770,1229.3,2003
Travis Hansen,507,0.2,/players/h/hansetr01.html,574770,1229.3,2003
Jarvis Hayes,2044,0.5,/players/h/hayesja01.html,574770,1229.3,2003
Kirk Hinrich,2706,4.1,/players/h/hinriki01.html,574770,1229.3,2003
Josh Howard,1589,3.5,/players/h/howarjo01.html,574770,1229.3,2003
Brandon Hunter,406,0.6,/players/h/huntebr01.html,574770,1229.3,2003
LeBron James,3122,5.1,/players/j/jamesle01.html,574770,1229.3,2003
Dahntay Jones,154,-0.4,/players/j/jonesda02.html,574770,1229.3,2003
James Jones,26,0,/players/j/jonesja02.html,574770,1229.3,2003
Chris Kaman,1843,0,/players/k/kamanch01.html,574770,1229.3,2003
Jason Kapono,427,0.5,/players/k/kaponja01.html,574770,1229.3,2003
Kyle Korver,882,1,/players/k/korveky01.html,574770,1229.3,2003
Maciej Lampe,224,0.1,/players/l/lampema01.html,574770,1229.3,2003
Darko Milicic,159,-0.2,/players/m/milicda01.html,574770,1229.3,2003
Travis Outlaw,19,0,/players/o/outlatr01.html,574770,1229.3,2003
Zaza Pachulia,664,0.3,/players/p/pachuza01.html,574770,1229.3,2003
Sasha Pavlovic,1144,0.9,/players/p/pavloal01.html,574770,1229.3,2003
Kendrick Perkins,35,0.1,/players/p/perkike01.html,574770,1229.3,2003
Mickael Pietrus,748,1.5,/players/p/pietrmi01.html,574770,1229.3,2003
Zoran Planinic,473,0.7,/players/p/planizo01.html,574770,1229.3,2003
Luke Ridnour,1114,1.2,/players/r/ridnolu01.html,574770,1229.3,2003
Mike Sweetney,494,1.4,/players/s/sweetmi01.html,574770,1229.3,2003
Slavko Vranes,3,0,/players/v/vranesl01.html,574770,1229.3,2003
Dwyane Wade,2126,4.6,/players/w/wadedw01.html,574770,1229.3,2003
Luke Walton,730,1.6,/players/w/waltolu01.html,574770,1229.3,2003
David West,930,2.8,/players/w/westda01.html,574770,1229.3,2003
Mo Williams,772,0.2,/players/w/willima01.html,574770,1229.3,2003
Tony Allen,1262,2.7,/players/a/allento01.html,595e3,1264.3,2004
Rafael Araujo,736,0.3,/players/a/araujra01.html,595e3,1264.3,2004
Trevor Ariza,1382,2.1,/players/a/arizatr01.html,595e3,1264.3,2004
Andris Biedrins,384,1.2,/players/b/biedran01.html,595e3,1264.3,2004
Antonio Burks,219,0.5,/players/b/burksan01.html,595e3,1264.3,2004
Lionel Chalmers,433,-0.2,/players/c/chalmli01.html,595e3,1264.3,2004
Josh Childress,2376,4.6,/players/c/childjo01.html,595e3,1264.3,2004
Luol Deng,1663,3,/players/d/denglu01.html,595e3,1264.3,2004
Chris Duhon,2177,4.1,/players/d/duhonch01.html,595e3,1264.3,2004
Andre Emmett,28,0,/players/e/emmetan01.html,595e3,1264.3,2004
Luis Flores,77,0,/players/f/florelu01.html,595e3,1264.3,2004
Matt Freije,441,-0.5,/players/f/freijma01.html,595e3,1264.3,2004
Ben Gordon,2002,3.5,/players/g/gordobe01.html,595e3,1264.3,2004
Devin Harris,1173,2.7,/players/h/harride01.html,595e3,1264.3,2004
David Harrison,760,1.4,/players/h/harrida01.html,595e3,1264.3,2004
Dwight Howard,2670,7.3,/players/h/howardw01.html,595e3,1264.3,2004
Kris Humphries,873,-0.3,/players/h/humphkr01.html,595e3,1264.3,2004
Andre Iguodala,2686,6.6,/players/i/iguodan01.html,595e3,1264.3,2004
Royal Ivey,809,0.2,/players/i/iveyro01.html,595e3,1264.3,2004
Luke Jackson,43,0.1,/players/j/jackslu02.html,595e3,1264.3,2004
Al Jefferson,1051,2.7,/players/j/jeffeal01.html,595e3,1264.3,2004
Viktor Khryapa,523,0.3,/players/k/khryavi01.html,595e3,1264.3,2004
Shaun Livingston,814,0.1,/players/l/livinsh01.html,595e3,1264.3,2004
Kevin Martin,455,0.1,/players/m/martike02.html,595e3,1264.3,2004
Jameer Nelson,1612,2.5,/players/n/nelsoja01.html,595e3,1264.3,2004
Emeka Okafor,2600,4,/players/o/okafoem01.html,595e3,1264.3,2004
Pavel Podkolzin,10,0,/players/p/podkopa01.html,595e3,1264.3,2004
Peter John Ramos,20,0,/players/r/ramospe01.html,595e3,1264.3,2004
Justin Reed,121,0.3,/players/r/reedju01.html,595e3,1264.3,2004
Bernard Robinson,328,0.3,/players/r/robinbe01.html,595e3,1264.3,2004
Ha Seung-Jin,104,-0.2,/players/s/seungha01.html,595e3,1264.3,2004
Donta Smith,433,0.2,/players/s/smithdo04.html,595e3,1264.3,2004
J.R. Smith,1859,0.2,/players/s/smithjr01.html,595e3,1264.3,2004
Josh Smith,2050,2.4,/players/s/smithjo03.html,595e3,1264.3,2004
Kirk Snyder,906,-0.2,/players/s/snydeki01.html,595e3,1264.3,2004
Pape Sow,255,0.2,/players/s/sowpa01.html,595e3,1264.3,2004
Robert Swift,72,0,/players/s/swiftro01.html,595e3,1264.3,2004
Sebastian Telfair,1330,-0.4,/players/t/telfase01.html,595e3,1264.3,2004
Beno Udrih,1149,3.1,/players/u/udrihbe01.html,595e3,1264.3,2004
Anderson Varejao,863,3,/players/v/varejan01.html,595e3,1264.3,2004
Jackson Vroman,705,-0.1,/players/v/vromaja01.html,595e3,1264.3,2004
Sasha Vujacic,403,0.2,/players/v/vujacsa01.html,595e3,1264.3,2004
Delonte West,507,0.9,/players/w/westde01.html,595e3,1264.3,2004
Dorell Wright,27,-0.1,/players/w/wrighdo01.html,595e3,1264.3,2004
Alex Acker,35,-0.2,/players/a/ackeral01.html,595556,1269.6,2005
Martynas Andriuskevicius,9,0,/players/a/andrima01.html,595556,1269.6,2005
Brandon Bass,268,0.1,/players/b/bassbr01.html,595556,1269.6,2005
Andray Blatche,175,0.1,/players/b/blatcan01.html,595556,1269.6,2005
Andrew Bogut,2348,5.5,/players/b/bogutan01.html,595556,1269.6,2005
Andrew Bynum,338,0.1,/players/b/bynuman01.html,595556,1269.6,2005
Travis Diener,246,0.6,/players/d/dienetr01.html,595556,1269.6,2005
Ike Diogu,1031,2.6,/players/d/dioguik01.html,595556,1269.6,2005
Monta Ellis,886,0.5,/players/e/ellismo01.html,595556,1269.6,2005
Daniel Ewing,971,0.3,/players/e/ewingda01.html,595556,1269.6,2005
Raymond Felton,2406,2.6,/players/f/feltora01.html,595556,1269.6,2005
Channing Frye,1572,3.5,/players/f/fryech01.html,595556,1269.6,2005
Francisco Garcia,1301,1.6,/players/g/garcifr01.html,595556,1269.6,2005
Ryan Gomes,1376,3.1,/players/g/gomesry01.html,595556,1269.6,2005
Joey Graham,1581,1.3,/players/g/grahajo01.html,595556,1269.6,2005
Danny Granger,1765,5.1,/players/g/grangda01.html,595556,1269.6,2005
Gerald Green,374,0.5,/players/g/greenge01.html,595556,1269.6,2005
Orien Greene,1235,-0.3,/players/g/greenor01.html,595556,1269.6,2005
Luther Head,2310,3.5,/players/h/headlu01.html,595556,1269.6,2005
Julius Hodge,33,-0.2,/players/h/hodgeju01.html,595556,1269.6,2005
Jarrett Jack,1599,1.2,/players/j/jackja01.html,595556,1269.6,2005
Amir Johnson,39,0.2,/players/j/johnsam01.html,595556,1269.6,2005
Linas Kleiza,519,1.2,/players/k/kleizli01.html,595556,1269.6,2005
Yaroslav Korolev,127,0,/players/k/korolya01.html,595556,1269.6,2005
David Lee,1129,2.7,/players/l/leeda02.html,595556,1269.6,2005
Jason Maxiell,159,-0.2,/players/m/maxieja01.html,595556,1269.6,2005
Sean May,398,0.4,/players/m/mayse01.html,595556,1269.6,2005
Rashad McCants,1362,1.6,/players/m/mccanra01.html,595556,1269.6,2005
C.J. Miles,203,0.3,/players/m/milescj01.html,595556,1269.6,2005
Chris Paul,2808,10.4,/players/p/paulch01.html,595556,1269.6,2005
Johan Petro,1282,1,/players/p/petrojo01.html,595556,1269.6,2005
Lawrence Roberts,181,0.5,/players/r/roberla01.html,595556,1269.6,2005
Nate Robinson,1544,1.5,/players/r/robinna01.html,595556,1269.6,2005
Wayne Simien,414,0.8,/players/s/simiewa01.html,595556,1269.6,2005
Salim Stoudamire,1236,1.2,/players/s/stoudsa01.html,595556,1269.6,2005
Chris Taft,144,0.5,/players/t/taftch01.html,595556,1269.6,2005
Dijon Thompson,43,0.1,/players/t/thompdi01.html,595556,1269.6,2005
Ronny Turiaf,161,0.4,/players/t/turiaro01.html,595556,1269.6,2005
Charlie Villanueva,2361,3.9,/players/v/villach01.html,595556,1269.6,2005
Von Wafer,73,-0.3,/players/w/wafervo01.html,595556,1269.6,2005
Hakim Warrick,724,0.8,/players/w/warriha01.html,595556,1269.6,2005
Martell Webster,1070,0.9,/players/w/webstma02.html,595556,1269.6,2005
Robert Whaley,212,0,/players/w/whalero01.html,595556,1269.6,2005
Deron Williams,2307,2.8,/players/w/willide01.html,595556,1269.6,2005
Lou Williams,145,-0.1,/players/w/willilo02.html,595556,1269.6,2005
Marvin Williams,1952,2.8,/players/w/willima02.html,595556,1269.6,2005
Antoine Wright,370,-0.5,/players/w/wrighan01.html,595556,1269.6,2005
Bracey Wright,135,0.2,/players/w/wrighbr02.html,595556,1269.6,2005
Hassan Adams,495,1,/players/a/adamsha01.html,595767,1263.7,2006
Maurice Ager,214,-0.3,/players/a/agerma01.html,595767,1263.7,2006
LaMarcus Aldridge,1392,3.4,/players/a/aldrila01.html,595767,1263.7,2006
Hilton Armstrong,634,1.2,/players/a/armsthi01.html,595767,1263.7,2006
James Augustine,7,0,/players/a/augusja01.html,595767,1263.7,2006
Renaldo Balkman,1064,2.8,/players/b/balkmre01.html,595767,1263.7,2006
Andrea Bargnani,1629,1.9,/players/b/bargnan01.html,595767,1263.7,2006
Will Blalock,166,-0.1,/players/b/blalowi01.html,595767,1263.7,2006
Josh Boone,669,1.7,/players/b/boonejo01.html,595767,1263.7,2006
Ronnie Brewer,675,1.7,/players/b/brewero02.html,595767,1263.7,2006
Dee Brown,450,0.2,/players/b/brownde03.html,595767,1263.7,2006
Shannon Brown,202,0.1,/players/b/brownsh01.html,595767,1263.7,2006
Rodney Carney,1169,1.3,/players/c/carnero01.html,595767,1263.7,2006
Mardy Collins,777,0,/players/c/collima01.html,595767,1263.7,2006
Paul Davis,180,0.2,/players/d/davispa01.html,595767,1263.7,2006
Quincy Douby,359,0,/players/d/doubyqu01.html,595767,1263.7,2006
Jordan Farmar,1090,0.9,/players/f/farmajo01.html,595767,1263.7,2006
Randy Foye,1879,2.3,/players/f/foyera01.html,595767,1263.7,2006
Rudy Gay,2103,0.5,/players/g/gayru01.html,595767,1263.7,2006
Daniel Gibson,988,2,/players/g/gibsoda01.html,595767,1263.7,2006
Ryan Hollins,185,0.2,/players/h/holliry01.html,595767,1263.7,2006
Alexander Johnson,753,1.3,/players/j/johnsal01.html,595767,1263.7,2006
Bobby Jones,336,0.3,/players/j/jonesbo02.html,595767,1263.7,2006
Solomon Jones,666,1.6,/players/j/jonesso01.html,595767,1263.7,2006
Kyle Lowry,175,0.5,/players/l/lowryky01.html,595767,1263.7,2006
Damir Markota,170,-0.2,/players/m/markoda01.html,595767,1263.7,2006
Paul Millsap,1472,4.7,/players/m/millspa01.html,595767,1263.7,2006
Adam Morrison,2326,-1.5,/players/m/morriad01.html,595767,1263.7,2006
David Noel,792,0.4,/players/n/noelda01.html,595767,1263.7,2006
Steve Novak,191,0.4,/players/n/novakst01.html,595767,1263.7,2006
Patrick O'Bryant,119,0,/players/o/obryapa01.html,595767,1263.7,2006
Leon Powe,720,1.7,/players/p/powele01.html,595767,1263.7,2006
J.J. Redick,622,1.7,/players/r/redicjj01.html,595767,1263.7,2006
Sergio Rodriguez,862,0.9,/players/r/rodrise01.html,595767,1263.7,2006
Rajon Rondo,1831,2.4,/players/r/rondora01.html,595767,1263.7,2006
Brandon Roy,2015,4.8,/players/r/roybr01.html,595767,1263.7,2006
Thabo Sefolosha,868,0.8,/players/s/sefolth01.html,595767,1263.7,2006
Mouhamed Sene,169,0,/players/s/senesa01.html,595767,1263.7,2006
Cedric Simmons,534,0.3,/players/s/simmoce01.html,595767,1263.7,2006
Craig Smith,1537,3.9,/players/s/smithcr01.html,595767,1263.7,2006
Tyrus Thomas,966,2.2,/players/t/thomaty01.html,595767,1263.7,2006
P.J. Tucker,83,0.1,/players/t/tuckepj01.html,595767,1263.7,2006
Marcus Vinicius,103,0.1,/players/v/vincima01.html,595767,1263.7,2006
James White,137,0.3,/players/w/whiteja02.html,595767,1263.7,2006
Marcus Williams,1315,-0.1,/players/w/willima03.html,595767,1263.7,2006
Shawne Williams,556,0.7,/players/w/willish03.html,595767,1263.7,2006
Shelden Williams,1514,2.2,/players/w/willish02.html,595767,1263.7,2006
Arron Afflalo,970,1.9,/players/a/afflaar01.html,594122,1263.9,2007
Morris Almond,39,-0.1,/players/a/almonmo01.html,594122,1263.9,2007
Marco Belinelli,241,0,/players/b/belinma01.html,594122,1263.9,2007
Corey Brewer,1803,-0.2,/players/b/breweco01.html,594122,1263.9,2007
Aaron Brooks,608,1.4,/players/b/brookaa01.html,594122,1263.9,2007
Wilson Chandler,685,0.5,/players/c/chandwi01.html,594122,1263.9,2007
Mike Conley,1381,1.1,/players/c/conlemi01.html,594122,1263.9,2007
Daequan Cook,1441,-0.4,/players/c/cookda02.html,594122,1263.9,2007
Javaris Crittenton,679,0.1,/players/c/crittja01.html,594122,1263.9,2007
Jermareo Davidson,322,-0.1,/players/d/davidje01.html,594122,1263.9,2007
Glen Davis,940,2.5,/players/d/davisgl01.html,594122,1263.9,2007
Jared Dudley,1384,2.9,/players/d/dudleja01.html,594122,1263.9,2007
Kevin Durant,2768,2.3,/players/d/duranke01.html,594122,1263.9,2007
Nick Fazekas,269,0.8,/players/f/fazekni01.html,594122,1263.9,2007
Kyrylo Fesenko,70,0,/players/f/fesenky01.html,594122,1263.9,2007
Aaron Gray,613,0.8,/players/g/grayaa01.html,594122,1263.9,2007
Jeff Green,2253,0.2,/players/g/greenje02.html,594122,1263.9,2007
Taurean Green,74,-0.1,/players/g/greenta01.html,594122,1263.9,2007
Spencer Hawes,931,0.6,/players/h/hawessp01.html,594122,1263.9,2007
Al Horford,2540,5.5,/players/h/horfoal01.html,594122,1263.9,2007
Yi Jianlian,1647,0.7,/players/j/jianlyi01.html,594122,1263.9,2007
Carl Landry,711,3.7,/players/l/landrca01.html,594122,1263.9,2007
Stephane Lasme,303,0.3,/players/l/lasmest01.html,594122,1263.9,2007
Acie Law,865,-0.1,/players/l/lawac01.html,594122,1263.9,2007
Dominic McGuire,695,0,/players/m/mcguido01.html,594122,1263.9,2007
Josh McRoberts,28,0.1,/players/m/mcrobjo01.html,594122,1263.9,2007
Demetris Nichols,44,-0.2,/players/n/nichode01.html,594122,1263.9,2007
Joakim Noah,1534,3.8,/players/n/noahjo01.html,594122,1263.9,2007
Gabe Pruitt,95,0.1,/players/p/pruitga01.html,594122,1263.9,2007
Chris Richard,556,0.4,/players/r/richach01.html,594122,1263.9,2007
Ramon Sessions,450,0.7,/players/s/sessira01.html,594122,1263.9,2007
Jason Smith,1107,1.5,/players/s/smithja02.html,594122,1263.9,2007
D.J. Strawberry,270,-0.2,/players/s/strawdj01.html,594122,1263.9,2007
Rodney Stuckey,1081,2,/players/s/stuckro01.html,594122,1263.9,2007
Al Thornton,2158,1.1,/players/t/thornal01.html,594122,1263.9,2007
Alando Tucker,48,0,/players/t/tuckeal02.html,594122,1263.9,2007
Marcus Williams,36,-0.1,/players/w/willima04.html,594122,1263.9,2007
Sean Williams,1278,2.5,/players/w/willise01.html,594122,1263.9,2007
Brandan Wright,376,1.1,/players/w/wrighbr03.html,594122,1263.9,2007
Julian Wright,640,1.7,/players/w/wrighju01.html,594122,1263.9,2007
Nick Young,1158,0.4,/players/y/youngni01.html,594122,1263.9,2007
Thaddeus Young,1554,4.5,/players/y/youngth01.html,594122,1263.9,2007
Alexis Ajinca,182,-0.1,/players/a/ajincal01.html,594661,1264.8,2008
Joe Alexander,716,0.4,/players/a/alexajo01.html,594661,1264.8,2008
Ryan Anderson,1312,2.5,/players/a/anderry01.html,594661,1264.8,2008
Darrell Arthur,1464,1.7,/players/a/arthuda01.html,594661,1264.8,2008
D.J. Augustin,1908,5.1,/players/a/augusdj01.html,594661,1264.8,2008
Nicolas Batum,1454,3.7,/players/b/batumni01.html,594661,1264.8,2008
Jerryd Bayless,655,0.3,/players/b/bayleje01.html,594661,1264.8,2008
Michael Beasley,2009,3.4,/players/b/beaslmi01.html,594661,1264.8,2008
Mario Chalmers,2626,5.2,/players/c/chalmma01.html,594661,1264.8,2008
Joe Crawford,23,0,/players/c/crawfjo01.html,594661,1264.8,2008
Joey Dorsey,6,0,/players/d/dorsejo01.html,594661,1264.8,2008
Chris Douglas-Roberts,585,0.6,/players/d/douglch01.html,594661,1264.8,2008
Goran Dragic,728,0.1,/players/d/dragigo01.html,594661,1264.8,2008
Danilo Gallinari,412,1,/players/g/gallida01.html,594661,1264.8,2008
J.R. Giddens,8,0,/players/g/giddejr01.html,594661,1264.8,2008
Eric Gordon,2677,4.6,/players/g/gordoer01.html,594661,1264.8,2008
Donte Greene,725,-1.1,/players/g/greendo01.html,594661,1264.8,2008
Malik Hairston,155,0.1,/players/h/hairsma01.html,594661,1264.8,2008
Roy Hibbert,1009,2.1,/players/h/hibbero01.html,594661,1264.8,2008
J.J. Hickson,705,1.5,/players/h/hicksjj01.html,594661,1264.8,2008
George Hill,1270,2.1,/players/h/hillge01.html,594661,1264.8,2008
Darnell Jackson,430,0.8,/players/j/jacksda01.html,594661,1264.8,2008
Nathan Jawai,19,-0.1,/players/j/jawaina01.html,594661,1264.8,2008
DeAndre Jordan,771,1.3,/players/j/jordade01.html,594661,1264.8,2008
Kosta Koufos,565,1.3,/players/k/koufoko01.html,594661,1264.8,2008
Courtney Lee,1939,4.4,/players/l/leeco01.html,594661,1264.8,2008
Brook Lopez,2501,5.8,/players/l/lopezbr01.html,594661,1264.8,2008
Robin Lopez,614,1.1,/players/l/lopezro01.html,594661,1264.8,2008
Kevin Love,2048,5.3,/players/l/loveke01.html,594661,1264.8,2008
O.J. Mayo,3120,3.4,/players/m/mayooj01.html,594661,1264.8,2008
Luc Mbah a Moute,2114,4,/players/m/mbahalu01.html,594661,1264.8,2008
JaVale McGee,1143,2,/players/m/mcgeeja01.html,594661,1264.8,2008
Anthony Randolph,1129,1.6,/players/r/randoan01.html,594661,1264.8,2008
Derrick Rose,3e3,4.9,/players/r/rosede01.html,594661,1264.8,2008
Brandon Rush,1803,0.9,/players/r/rushbr01.html,594661,1264.8,2008
Walter Sharpe,20,-0.1,/players/s/sharpwa01.html,594661,1264.8,2008
Sean Singletary,303,0,/players/s/singlse01.html,594661,1264.8,2008
Marreese Speights,1263,3.8,/players/s/speigma01.html,594661,1264.8,2008
Mike Taylor,771,-0.4,/players/t/taylomi01.html,594661,1264.8,2008
Jason Thompson,2303,2.7,/players/t/thompja02.html,594661,1264.8,2008
Henry Walker,216,0.5,/players/w/walkebi01.html,594661,1264.8,2008
Kyle Weaver,1166,1.2,/players/w/weaveky01.html,594661,1264.8,2008
Sonny Weems,55,-0.3,/players/w/weemsso01.html,594661,1264.8,2008
Russell Westbrook,2668,1.9,/players/w/westbru01.html,594661,1264.8,2008
D.J. White,130,0.4,/players/w/whitedj01.html,594661,1264.8,2008
Jeff Ayres,405,1.3,/players/p/pendeje02.html,594508,1269.9,2009
Rodrigue Beaubois,700,2,/players/b/beaubro01.html,594508,1269.9,2009
DeJuan Blair,1494,4.6,/players/b/blairde01.html,594508,1269.9,2009
Jon Brockman,654,1.7,/players/b/brockjo01.html,594508,1269.9,2009
Derrick Brown,535,1.3,/players/b/brownde04.html,594508,1269.9,2009
Chase Budinger,1488,3.1,/players/b/budinch01.html,594508,1269.9,2009
DeMarre Carroll,795,0.5,/players/c/carrode01.html,594508,1269.9,2009
Omri Casspi,1931,2.5,/players/c/casspom01.html,594508,1269.9,2009
Earl Clark,383,-0.3,/players/c/clarkea01.html,594508,1269.9,2009
Darren Collison,2109,2.9,/players/c/collida01.html,594508,1269.9,2009
Dante Cunningham,707,1.9,/players/c/cunnida01.html,594508,1269.9,2009
Stephen Curry,2896,4.7,/players/c/curryst01.html,594508,1269.9,2009
Austin Daye,915,1.3,/players/d/dayeau01.html,594508,1269.9,2009
DeMar DeRozan,1664,2.3,/players/d/derozde01.html,594508,1269.9,2009
Toney Douglas,1087,2.2,/players/d/douglto01.html,594508,1269.9,2009
Wayne Ellington,1384,0.4,/players/e/ellinwa01.html,594508,1269.9,2009
Tyreke Evans,2677,5.4,/players/e/evansty01.html,594508,1269.9,2009
Jonny Flynn,2339,0.1,/players/f/flynnjo01.html,594508,1269.9,2009
Taj Gibson,2204,4.7,/players/g/gibsota01.html,594508,1269.9,2009
Danny Green,115,0.2,/players/g/greenda02.html,594508,1269.9,2009
Taylor Griffin,32,0,/players/g/griffta01.html,594508,1269.9,2009
Tyler Hansbrough,511,0.7,/players/h/hansbty01.html,594508,1269.9,2009
James Harden,1738,4.5,/players/h/hardeja01.html,594508,1269.9,2009
Gerald Henderson,355,0.4,/players/h/hendege02.html,594508,1269.9,2009
Jordan Hill,624,1.4,/players/h/hilljo01.html,594508,1269.9,2009
Jrue Holiday,1767,1.2,/players/h/holidjr01.html,594508,1269.9,2009
Lester Hudson,131,0.1,/players/h/hudsole01.html,594508,1269.9,2009
Brandon Jennings,2671,4.2,/players/j/jennibr01.html,594508,1269.9,2009
Jonas Jerebko,2232,4.4,/players/j/jerebjo01.html,594508,1269.9,2009
James Johnson,757,0.8,/players/j/johnsja01.html,594508,1269.9,2009
Ty Lawson,1318,3.7,/players/l/lawsoty01.html,594508,1269.9,2009
Eric Maynor,1269,1.9,/players/m/maynoer01.html,594508,1269.9,2009
Jodie Meeks,719,0.9,/players/m/meeksjo01.html,594508,1269.9,2009
Patty Mills,38,0,/players/m/millspa02.html,594508,1269.9,2009
Byron Mullens,54,-0.1,/players/m/mulleby01.html,594508,1269.9,2009
A.J. Price,865,1.2,/players/p/priceaj01.html,594508,1269.9,2009
DaJuan Summers,405,0,/players/s/summeda01.html,594508,1269.9,2009
Jermaine Taylor,303,0.1,/players/t/tayloje02.html,594508,1269.9,2009
Jeff Teague,719,0.6,/players/t/teaguje01.html,594508,1269.9,2009
Hasheem Thabeet,883,2,/players/t/thabeha01.html,594508,1269.9,2009
Marcus Thornton,1872,4,/players/t/thornma01.html,594508,1269.9,2009
Terrence Williams,1764,-0.3,/players/w/willite01.html,594508,1269.9,2009
Sam Young,1321,1.2,/players/y/youngsa01.html,594508,1269.9,2009
Solomon Alabi,59,-0.2,/players/a/alabiso01.html,595061,1266.2,2010
Cole Aldrich,142,0.2,/players/a/aldrico01.html,595061,1266.2,2010
Al-Farouq Aminu,1452,0.7,/players/a/aminual01.html,595061,1266.2,2010
James Anderson,286,0.3,/players/a/anderja01.html,595061,1266.2,2010
Luke Babbitt,137,-0.4,/players/b/babbilu01.html,595061,1266.2,2010
Eric Bledsoe,1841,0.3,/players/b/bledser01.html,595061,1266.2,2010
Trevor Booker,1063,2.6,/players/b/booketr01.html,595061,1266.2,2010
Craig Brackins,33,-0.1,/players/b/brackcr01.html,595061,1266.2,2010
Avery Bradley,162,-0.5,/players/b/bradlav01.html,595061,1266.2,2010
Derrick Caracter,215,0.3,/players/c/caracde01.html,595061,1266.2,2010
DeMarcus Cousins,2309,1.1,/players/c/couside01.html,595061,1266.2,2010
Jordan Crawford,1027,-0.6,/players/c/crawfjo02.html,595061,1266.2,2010
Ed Davis,1602,4,/players/d/davised01.html,595061,1266.2,2010
Devin Ebanks,118,0.4,/players/e/ebankde01.html,595061,1266.2,2010
Jeremy Evans,463,1.6,/players/e/evansje01.html,595061,1266.2,2010
Derrick Favors,1535,2.9,/players/f/favorde01.html,595061,1266.2,2010
Landry Fields,2541,5.3,/players/f/fieldla01.html,595061,1266.2,2010
Paul George,1265,2.4,/players/g/georgpa01.html,595061,1266.2,2010
Luke Harangody,640,0.6,/players/h/haranlu01.html,595061,1266.2,2010
Gordon Hayward,1218,1.2,/players/h/haywago01.html,595061,1266.2,2010
Lazar Hayward,419,0.3,/players/h/haywala01.html,595061,1266.2,2010
Xavier Henry,527,0.2,/players/h/henryxa01.html,595061,1266.2,2010
Damion James,403,0.1,/players/j/jamesda01.html,595061,1266.2,2010
Armon Johnson,277,-0.3,/players/j/johnsar02.html,595061,1266.2,2010
Wesley Johnson,2069,1.3,/players/j/johnswe01.html,595061,1266.2,2010
Dominique Jones,135,0,/players/j/jonesdo02.html,595061,1266.2,2010
Gani Lawal,2,0,/players/l/lawalga01.html,595061,1266.2,2010
Greg Monroe,2222,6.6,/players/m/monrogr01.html,595061,1266.2,2010
Hamady N'Diaye,80,0.1,/players/n/ndiayha01.html,595061,1266.2,2010
Patrick Patterson,868,2.4,/players/p/pattepa01.html,595061,1266.2,2010
Dexter Pittman,11,-0.1,/players/p/pittmde01.html,595061,1266.2,2010
Quincy Pondexter,734,0.9,/players/p/pondequ01.html,595061,1266.2,2010
Andy Rautins,24,-0.2,/players/r/rautian01.html,595061,1266.2,2010
Larry Sanders,872,1,/players/s/sandela01.html,595061,1266.2,2010
Kevin Seraphin,635,0.2,/players/s/serapke01.html,595061,1266.2,2010
Lance Stephenson,115,-0.2,/players/s/stephla01.html,595061,1266.2,2010
Pape Sy,21,0,/players/s/sypa01.html,595061,1266.2,2010
Evan Turner,1797,2.3,/players/t/turneev01.html,595061,1266.2,2010
Ekpe Udoh,1030,0.7,/players/u/udohek01.html,595061,1266.2,2010
Greivis Vasquez,860,0.5,/players/v/vasqugr01.html,595061,1266.2,2010
John Wall,2606,2.2,/players/w/walljo01.html,595061,1266.2,2010
Willie Warren,134,0.2,/players/w/warrewi01.html,595061,1266.2,2010
Hassan Whiteside,2,0,/players/w/whiteha01.html,595061,1266.2,2010
Lavoy Allen,624,1.6,/players/a/allenla01.html,479061,1012.4,2011
Keith Benson,9,0,/players/b/bensoke02.html,479061,1012.4,2011
Bismack Biyombo,1455,0.6,/players/b/biyombi01.html,479061,1012.4,2011
MarShon Brooks,1648,0.8,/players/b/brookma01.html,479061,1012.4,2011
Alec Burks,939,1.5,/players/b/burksal01.html,479061,1012.4,2011
Jimmy Butler,359,1.1,/players/b/butleji01.html,479061,1012.4,2011
Norris Cole,1260,0,/players/c/coleno01.html,479061,1012.4,2011
Kenneth Faried,1037,4.6,/players/f/farieke01.html,479061,1012.4,2011
Jimmer Fredette,1135,0.3,/players/f/fredeji01.html,479061,1012.4,2011
Andrew Goudelock,419,0.1,/players/g/goudean01.html,479061,1012.4,2011
Jordan Hamilton,258,0.3,/players/h/hamiljo02.html,479061,1012.4,2011
Justin Harper,84,-0.3,/players/h/harpeju01.html,479061,1012.4,2011
Josh Harrellson,540,1.4,/players/h/harrejo01.html,479061,1012.4,2011
Tobias Harris,479,0.9,/players/h/harrito02.html,479061,1012.4,2011
Tyler Honeycutt,88,0,/players/h/honeyty01.html,479061,1012.4,2011
Kyrie Irving,1558,4.1,/players/i/irvinky01.html,479061,1012.4,2011
Reggie Jackson,501,0.1,/players/j/jacksre01.html,479061,1012.4,2011
Charles Jenkins,893,0.5,/players/j/jenkich01.html,479061,1012.4,2011
JaJuan Johnson,298,0.2,/players/j/johnsja02.html,479061,1012.4,2011
Cory Joseph,266,0,/players/j/josepco01.html,479061,1012.4,2011
Enes Kanter,874,1.7,/players/k/kanteen01.html,479061,1012.4,2011
Brandon Knight,2129,1.3,/players/k/knighbr03.html,479061,1012.4,2011
Malcolm Lee,243,0.1,/players/l/leema01.html,479061,1012.4,2011
Kawhi Leonard,1534,5.5,/players/l/leonaka01.html,479061,1012.4,2011
Travis Leslie,45,0.1,/players/l/leslitr01.html,479061,1012.4,2011
Jon Leuer,555,1.4,/players/l/leuerjo01.html,479061,1012.4,2011
DeAndre Liggins,115,0,/players/l/liggide01.html,479061,1012.4,2011
Shelvin Mack,779,0.7,/players/m/macksh01.html,479061,1012.4,2011
Vernon Macklin,135,0.5,/players/m/macklve01.html,479061,1012.4,2011
E'Twaun Moore,331,0.2,/players/m/mooreet01.html,479061,1012.4,2011
Darius Morris,169,-0.2,/players/m/morrida01.html,479061,1012.4,2011
Marcus Morris,126,-0.2,/players/m/morrima03.html,479061,1012.4,2011
Markieff Morris,1227,1.5,/players/m/morrima02.html,479061,1012.4,2011
Chandler Parsons,1804,3.4,/players/p/parsoch01.html,479061,1012.4,2011
Josh Selby,237,-0.5,/players/s/selbyjo01.html,479061,1012.4,2011
Iman Shumpert,1705,2.4,/players/s/shumpim01.html,479061,1012.4,2011
Chris Singleton,1431,1.5,/players/s/singlch01.html,479061,1012.4,2011
Nolan Smith,541,-0.3,/players/s/smithno01.html,479061,1012.4,2011
Isaiah Thomas,1656,4.3,/players/t/thomais02.html,479061,1012.4,2011
Trey Thompkins,119,0,/players/t/thomptr02.html,479061,1012.4,2011
Klay Thompson,1608,1.7,/players/t/thompkl01.html,479061,1012.4,2011
Tristan Thompson,1424,1.1,/players/t/thomptr01.html,479061,1012.4,2011
Jeremy Tyler,568,-0.2,/players/t/tylerje01.html,479061,1012.4,2011
Jan Vesely,1078,1.7,/players/v/veselja01.html,479061,1012.4,2011
Nikola Vucevic,812,1.8,/players/v/vucevni01.html,479061,1012.4,2011
Kemba Walker,1792,0.3,/players/w/walkeke02.html,479061,1012.4,2011
Derrick Williams,1418,1.8,/players/w/willide02.html,479061,1012.4,2011
Jordan Williams,635,1.3,/players/w/willijo03.html,479061,1012.4,2011
Quincy Acy,342,1.1,/players/a/acyqu01.html,594486,1256.2,2012
Harrison Barnes,2058,2.8,/players/b/barneha02.html,594486,1256.2,2012
Will Barton,894,-0.5,/players/b/bartowi01.html,594486,1256.2,2012
Bradley Beal,1745,3,/players/b/bealbr01.html,594486,1256.2,2012
Jae Crowder,1353,1.5,/players/c/crowdja01.html,594486,1256.2,2012
Jared Cunningham,26,0,/players/c/cunnija01.html,594486,1256.2,2012
Anthony Davis,1846,6.1,/players/d/davisan02.html,594486,1256.2,2012
Andre Drummond,1243,4.5,/players/d/drumman01.html,594486,1256.2,2012
Kim English,407,0.2,/players/e/engliki01.html,594486,1256.2,2012
Festus Ezeli,1120,1.5,/players/e/ezelife01.html,594486,1256.2,2012
Evan Fournier,428,1,/players/f/fournev01.html,594486,1256.2,2012
Draymond Green,1061,0.6,/players/g/greendr01.html,594486,1256.2,2012
Maurice Harkless,1974,2.4,/players/h/harklma01.html,594486,1256.2,2012
John Henson,827,1.9,/players/h/hensojo01.html,594486,1256.2,2012
Bernard James,457,1.2,/players/j/jamesbe01.html,594486,1256.2,2012
John Jenkins,902,1.7,/players/j/jenkijo01.html,594486,1256.2,2012
Orlando Johnson,619,1.5,/players/j/johnsor01.html,594486,1256.2,2012
Darius Johnson-Odom,6,-0.1,/players/j/johnsda03.html,594486,1256.2,2012
Perry Jones,280,0,/players/j/jonespe01.html,594486,1256.2,2012
Terrence Jones,276,0.7,/players/j/joneste01.html,594486,1256.2,2012
Kris Joseph,54,-0.1,/players/j/josepkr01.html,594486,1256.2,2012
Michael Kidd-Gilchrist,2025,2.1,/players/k/kiddgmi01.html,594486,1256.2,2012
Doron Lamb,577,-0.4,/players/l/lambdo01.html,594486,1256.2,2012
Jeremy Lamb,147,0.2,/players/l/lambje01.html,594486,1256.2,2012
Meyers Leonard,1206,2.4,/players/l/leoname01.html,594486,1256.2,2012
Damian Lillard,3167,5.8,/players/l/lillada01.html,594486,1256.2,2012
Kendall Marshall,702,-0.2,/players/m/marshke01.html,594486,1256.2,2012
Fab Melo,36,0,/players/m/melofa01.html,594486,1256.2,2012
Khris Middleton,475,0.9,/players/m/middlkh01.html,594486,1256.2,2012
Darius Miller,694,0.5,/players/m/milleda01.html,594486,1256.2,2012
Quincy Miller,26,0,/players/m/millequ01.html,594486,1256.2,2012
Arnett Moultrie,542,1.7,/players/m/moultar01.html,594486,1256.2,2012
Kevin Murphy,52,-0.3,/players/m/murphke01.html,594486,1256.2,2012
Andrew Nicholson,1249,1.7,/players/n/nichoan01.html,594486,1256.2,2012
Kyle O'Quinn,638,1.4,/players/o/oquinky01.html,594486,1256.2,2012
Miles Plumlee,55,0,/players/p/plumlmi01.html,594486,1256.2,2012
Austin Rivers,1418,-1.1,/players/r/riverau01.html,594486,1256.2,2012
Thomas Robinson,1056,-0.1,/players/r/robinth01.html,594486,1256.2,2012
Terrence Ross,1239,0.9,/players/r/rosste01.html,594486,1256.2,2012
Robert Sacre,203,-0.1,/players/s/sacrero01.html,594486,1256.2,2012
Mike Scott,376,0.9,/players/s/scottmi01.html,594486,1256.2,2012
Tornike Shengelia,93,0,/players/s/shengto01.html,594486,1256.2,2012
Jared Sullinger,892,2.7,/players/s/sullija01.html,594486,1256.2,2012
Jeffery Taylor,1507,1.2,/players/t/tayloje03.html,594486,1256.2,2012
Tyshawn Taylor,221,-0.4,/players/t/tayloty01.html,594486,1256.2,2012
Marquis Teague,392,-0.3,/players/t/teaguma01.html,594486,1256.2,2012
Dion Waiters,1756,0.9,/players/w/waitedi01.html,594486,1256.2,2012
Tony Wroten,272,0.1,/players/w/wroteto01.html,594486,1256.2,2012
Tyler Zeller,2033,2,/players/z/zellety01.html,594486,1256.2,2012
Steven Adams,1197,2.9,/players/a/adamsst01.html,595193,1256.4,2013
Giannis Antetokounmpo,1897,1.2,/players/a/antetgi01.html,595193,1256.4,2013
Anthony Bennett,663,-0.4,/players/b/bennean01.html,595193,1256.4,2013
Lorenzo Brown,224,-0.3,/players/b/brownlo01.html,595193,1256.4,2013
Reggie Bullock,395,0.2,/players/b/bullore01.html,595193,1256.4,2013
Trey Burke,2262,0.9,/players/b/burketr01.html,595193,1256.4,2013
Kentavious Caldwell-Pope,1583,1.8,/players/c/caldwke01.html,595193,1256.4,2013
Isaiah Canaan,252,0.2,/players/c/canaais01.html,595193,1256.4,2013
Michael Carter-Williams,2414,1.3,/players/c/cartemi01.html,595193,1256.4,2013
Allen Crabbe,100,0.1,/players/c/crabbal01.html,595193,1256.4,2013
Gorgui Dieng,818,2.2,/players/d/dienggo01.html,595193,1256.4,2013
Carrick Felix,38,0,/players/f/felixca01.html,595193,1256.4,2013
Jamaal Franklin,161,0,/players/f/frankja01.html,595193,1256.4,2013
Rudy Gobert,434,0.4,/players/g/goberru01.html,595193,1256.4,2013
Archie Goodwin,533,0.2,/players/g/goodwar01.html,595193,1256.4,2013
Tim Hardaway,1875,3.1,/players/h/hardati02.html,595193,1256.4,2013
Solomon Hill,226,0.4,/players/h/hillso01.html,595193,1256.4,2013
Sergey Karasev,156,-0.1,/players/k/karasse01.html,595193,1256.4,2013
Ryan Kelly,1312,2.2,/players/k/kellyry01.html,595193,1256.4,2013
Shane Larkin,489,-0.1,/players/l/larkish01.html,595193,1256.4,2013
Ricky Ledo,33,0,/players/l/ledori01.html,595193,1256.4,2013
Alex Len,362,0.2,/players/l/lenal01.html,595193,1256.4,2013
Ray McCallum,897,0.4,/players/m/mccalra01.html,595193,1256.4,2013
C.J. McCollum,476,0.2,/players/m/mccolcj01.html,595193,1256.4,2013
Ben McLemore,2187,0.8,/players/m/mclembe01.html,595193,1256.4,2013
Tony Mitchell,79,0.2,/players/m/mitchto02.html,595193,1256.4,2013
Shabazz Muhammad,290,0.3,/players/m/muhamsh01.html,595193,1256.4,2013
Erik Murphy,62,-0.1,/players/m/murpher01.html,595193,1256.4,2013
Mike Muscala,215,0.2,/players/m/muscami01.html,595193,1256.4,2013
Nemanja Nedovic,142,-0.4,/players/n/nedovne01.html,595193,1256.4,2013
Victor Oladipo,2487,1.3,/players/o/oladivi01.html,595193,1256.4,2013
Kelly Olynyk,1400,2.9,/players/o/olynyke01.html,595193,1256.4,2013
Mason Plumlee,1275,4.7,/players/p/plumlma01.html,595193,1256.4,2013
Otto Porter,319,0,/players/p/porteot01.html,595193,1256.4,2013
Glen Rice,109,-0.1,/players/r/ricegl02.html,595193,1256.4,2013
Andre Roberson,399,0.8,/players/r/roberan03.html,595193,1256.4,2013
Dennis Schroder,641,-0.7,/players/s/schrode01.html,595193,1256.4,2013
Peyton Siva,224,-0.2,/players/s/sivape01.html,595193,1256.4,2013
Tony Snell,1231,1.6,/players/s/snellto01.html,595193,1256.4,2013
Jeff Withey,684,1.8,/players/w/witheje01.html,595193,1256.4,2013
Nate Wolters,1309,1.2,/players/w/woltena01.html,595193,1256.4,2013
Cody Zeller,1416,2.6,/players/z/zelleco01.html,595193,1256.4,2013
Jordan Adams,248,0.4,/players/a/adamsjo01.html,595203,1256.9,2014
Kyle Anderson,358,0.3,/players/a/anderky01.html,595203,1256.9,2014
Cameron Bairstow,64,-0.1,/players/b/bairsca01.html,595203,1256.9,2014
Markel Brown,781,0.5,/players/b/brownma02.html,595203,1256.9,2014
Bruno Caboclo,23,-0.1,/players/c/cabocbr01.html,595203,1256.9,2014
Clint Capela,90,0,/players/c/capelca01.html,595203,1256.9,2014
Jordan Clarkson,1476,2.4,/players/c/clarkjo01.html,595203,1256.9,2014
Spencer Dinwiddie,455,0.1,/players/d/dinwisp01.html,595203,1256.9,2014
Cleanthony Early,647,-0.4,/players/e/earlycl01.html,595203,1256.9,2014
Tyler Ennis,411,-0.3,/players/e/ennisty01.html,595203,1256.9,2014
Dante Exum,1817,-0.1,/players/e/exumda01.html,595203,1256.9,2014
Aaron Gordon,797,1,/players/g/gordoaa01.html,595203,1256.9,2014
Jerami Grant,1377,0.5,/players/g/grantje01.html,595203,1256.9,2014
P.J. Hairston,687,0.3,/players/h/hairspj02.html,595203,1256.9,2014
Gary Harris,719,-0.7,/players/h/harriga01.html,595203,1256.9,2014
Joe Harris,493,0.2,/players/h/harrijo01.html,595203,1256.9,2014
Rodney Hood,1064,2.2,/players/h/hoodro01.html,595203,1256.9,2014
Cory Jefferson,531,0.8,/players/j/jeffeco01.html,595203,1256.9,2014
Nick Johnson,262,-0.1,/players/j/johnsni01.html,595203,1256.9,2014
Zach LaVine,1902,-0.7,/players/l/lavinza01.html,595203,1256.9,2014
Devyn Marble,208,-0.1,/players/m/marblde01.html,595203,1256.9,2014
K.J. McDaniels,1352,0.6,/players/m/mcdankj01.html,595203,1256.9,2014
Doug McDermott,321,0,/players/m/mcderdo01.html,595203,1256.9,2014
Mitch McGary,485,1.3,/players/m/mcgarmi01.html,595203,1256.9,2014
Shabazz Napier,1012,0.5,/players/n/napiesh01.html,595203,1256.9,2014
Jusuf Nurkic,1103,1.6,/players/n/nurkiju01.html,595203,1256.9,2014
Johnny O'Bryant,368,-0.5,/players/o/obryajo01.html,595203,1256.9,2014
Jabari Parker,738,1.3,/players/p/parkeja01.html,595203,1256.9,2014
Adreian Payne,739,-0.5,/players/p/paynead01.html,595203,1256.9,2014
Elfrid Payton,2489,2.3,/players/p/paytoel01.html,595203,1256.9,2014
Dwight Powell,236,0.6,/players/p/poweldw01.html,595203,1256.9,2014
Julius Randle,14,-0.1,/players/r/randlju01.html,595203,1256.9,2014
Glenn Robinson,261,0.1,/players/r/robingl02.html,595203,1256.9,2014
Marcus Smart,1808,2.9,/players/s/smartma01.html,595203,1256.9,2014
Russ Smith,65,-0.1,/players/s/smithru01.html,595203,1256.9,2014
Nik Stauskas,1127,0.5,/players/s/stausni01.html,595203,1256.9,2014
Jarnell Stokes,126,0.5,/players/s/stokeja01.html,595203,1256.9,2014
Noah Vonleh,259,0.5,/players/v/vonleno01.html,595203,1256.9,2014
T.J. Warren,614,1.1,/players/w/warretj01.html,595203,1256.9,2014
Andrew Wiggins,2969,2.1,/players/w/wiggian01.html,595203,1256.9,2014
C.J. Wilcox,101,0,/players/w/wilcocj01.html,595203,1256.9,2014
James Young,332,0.3,/players/y/youngja01.html,595203,1256.9,2014
Justin Anderson,647,1.1,/players/a/anderju01.html,594863,1255.5,2015
Devin Booker,2108,1.9,/players/b/bookede01.html,594863,1255.5,2015
Anthony Brown,599,-0.3,/players/b/brownan02.html,594863,1255.5,2015
Willie Cauley-Stein,1412,3.8,/players/c/caulewi01.html,594863,1255.5,2015
Rakeem Christmas,6,0,/players/c/chrisra01.html,594863,1255.5,2015
Pat Connaughton,143,-0.2,/players/c/connapa01.html,594863,1255.5,2015
Branden Dawson,29,0,/players/d/dawsobr01.html,594863,1255.5,2015
Sam Dekker,6,0,/players/d/dekkesa01.html,594863,1255.5,2015
Jerian Grant,1265,0.8,/players/g/grantje02.html,594863,1255.5,2015
Montrezl Harrell,379,0.9,/players/h/harremo01.html,594863,1255.5,2015
Mario Hezonja,1413,0.9,/players/h/hezonma01.html,594863,1255.5,2015
Darrun Hilliard,383,0.5,/players/h/hillida01.html,594863,1255.5,2015
Rondae Hollis-Jefferson,615,1.2,/players/h/holliro01.html,594863,1255.5,2015
Richaun Holmes,702,1.5,/players/h/holmeri01.html,594863,1255.5,2015
R.J. Hunter,315,0.3,/players/h/hunterj01.html,594863,1255.5,2015
Stanley Johnson,1687,0.6,/players/j/johnsst04.html,594863,1255.5,2015
Tyus Jones,573,0.3,/players/j/jonesty01.html,594863,1255.5,2015
Frank Kaminsky,1708,3.3,/players/k/kaminfr01.html,594863,1255.5,2015
Kevon Looney,21,0.1,/players/l/looneke01.html,594863,1255.5,2015
Trey Lyles,1382,2.3,/players/l/lylestr01.html,594863,1255.5,2015
Jarell Martin,380,0.8,/players/m/martija01.html,594863,1255.5,2015
Chris McCullough,362,0.3,/players/m/mcculch01.html,594863,1255.5,2015
Jordan Mickey,57,0.1,/players/m/mickejo01.html,594863,1255.5,2015
Emmanuel Mudiay,2068,-2.1,/players/m/mudiaem01.html,594863,1255.5,2015
Larry Nance Jr.,1266,2.2,/players/n/nancela02.html,594863,1255.5,2015
Jahlil Okafor,1591,1.2,/players/o/okafoja01.html,594863,1255.5,2015
Kelly Oubre,671,0.4,/players/o/oubreke01.html,594863,1255.5,2015
Cameron Payne,698,1.4,/players/p/payneca01.html,594863,1255.5,2015
Bobby Portis,1102,1.5,/players/p/portibo01.html,594863,1255.5,2015
Kristaps Porzingis,2047,4.3,/players/p/porzikr01.html,594863,1255.5,2015
Norman Powell,725,1.6,/players/p/powelno01.html,594863,1255.5,2015
Josh Richardson,1107,2.5,/players/r/richajo01.html,594863,1255.5,2015
Terry Rozier,311,-0.3,/players/r/roziete01.html,594863,1255.5,2015
D'Angelo Russell,2259,0,/players/r/russeda01.html,594863,1255.5,2015
Karl-Anthony Towns,2627,8.3,/players/t/townska01.html,594863,1255.5,2015
Myles Turner,1367,3.1,/players/t/turnemy01.html,594863,1255.5,2015
Rashad Vaughn,1001,-0.8,/players/v/vaughra01.html,594863,1255.5,2015
Justise Winslow,2232,2.5,/players/w/winslju01.html,594863,1255.5,2015
Delon Wright,229,0.6,/players/w/wrighde01.html,594863,1255.5,2015
Joe Young,384,-0.1,/players/y/youngjo01.html,594863,1255.5,2015
Wade Baldwin,405,-0.4,/players/b/baldwwa01.html,594403,1253.9,2016
Malik Beasley,165,0.2,/players/b/beaslma01.html,594403,1253.9,2016
DeAndre' Bembry,371,0.3,/players/b/bembrde01.html,594403,1253.9,2016
Dragan Bender,574,-0.3,/players/b/bendedr01.html,594403,1253.9,2016
Ben Bentil,10,-0.1,/players/b/bentibe01.html,594403,1253.9,2016
Joel Bolomboy,53,0.2,/players/b/bolomjo01.html,594403,1253.9,2016
Malcolm Brogdon,1982,4.1,/players/b/brogdma01.html,594403,1253.9,2016
Jaylen Brown,1341,1.5,/players/b/brownja02.html,594403,1253.9,2016
Marquese Chriss,1743,1.8,/players/c/chrisma01.html,594403,1253.9,2016
Deyonta Davis,238,0.5,/players/d/davisde01.html,594403,1253.9,2016
Cheick Diallo,199,0.5,/players/d/diallch01.html,594403,1253.9,2016
Kris Dunn,1333,0.1,/players/d/dunnkr01.html,594403,1253.9,2016
Henry Ellenson,146,-0.2,/players/e/ellenhe01.html,594403,1253.9,2016
Kay Felder,386,0,/players/f/feldeka01.html,594403,1253.9,2016
Michael Gbinije,32,-0.1,/players/g/gbinimi01.html,594403,1253.9,2016
A.J. Hammons,163,0,/players/h/hammoaj01.html,594403,1253.9,2016
Juan Hernangomez,842,1.8,/players/h/hernaju01.html,594403,1253.9,2016
Buddy Hield,1888,1.3,/players/h/hieldbu01.html,594403,1253.9,2016
Brandon Ingram,2279,-0.3,/players/i/ingrabr01.html,594403,1253.9,2016
Demetrius Jackson,17,0.1,/players/j/jacksde01.html,594403,1253.9,2016
Brice Johnson,9,0,/players/j/johnsbr02.html,594403,1253.9,2016
Damian Jones,85,0,/players/j/jonesda03.html,594403,1253.9,2016
Skal Labissiere,612,1.3,/players/l/labissk01.html,594403,1253.9,2016
Jake Layman,249,-0.3,/players/l/laymaja01.html,594403,1253.9,2016
Caris LeVert,1237,1.8,/players/l/leverca01.html,594403,1253.9,2016
Timothe Luwawu-Cabarrot,1190,0.8,/players/l/luwawti01.html,594403,1253.9,2016
Thon Maker,562,1.3,/players/m/makerth01.html,594403,1253.9,2016
Patrick McCaw,1074,1.7,/players/m/mccawpa01.html,594403,1253.9,2016
Dejounte Murray,322,0,/players/m/murrade01.html,594403,1253.9,2016
Jamal Murray,1764,1.4,/players/m/murraja01.html,594403,1253.9,2016
Georges Niang,93,-0.3,/players/n/niangge01.html,594403,1253.9,2016
Chinanu Onuaku,52,0.1,/players/o/onuakch01.html,594403,1253.9,2016
Georgios Papagiannis,355,0.4,/players/p/papagge01.html,594403,1253.9,2016
Jakob Poeltl,626,1.6,/players/p/poeltja01.html,594403,1253.9,2016
Malachi Richardson,198,0.1,/players/r/richama01.html,594403,1253.9,2016
Domantas Sabonis,1632,0.7,/players/s/sabondo01.html,594403,1253.9,2016
Pascal Siakam,859,1.6,/players/s/siakapa01.html,594403,1253.9,2016
Diamond Stone,24,-0.1,/players/s/stonedi01.html,594403,1253.9,2016
Tyler Ulis,1123,0.7,/players/u/ulisty01.html,594403,1253.9,2016
Denzel Valentine,976,0.6,/players/v/valende01.html,594403,1253.9,2016
Taurean Waller-Prince,981,1.1,/players/p/princta02.html,594403,1253.9,2016
Isaiah Whitehead,1643,-0.8,/players/w/whiteis01.html,594403,1253.9,2016
Stephen Zimmerman,108,0,/players/z/zimmest01.html,594403,1253.9,2016
Paul Zipser,843,0.5,/players/z/zipsepa01.html,594403,1253.9,2016
Ivica Zubac,609,1.1,/players/z/zubaciv01.html,594403,1253.9,2016
